Tag,N_district,N_neighbourhood,Distance_Center,POI_Daily_Food,POI_Daily_Others,POI_House_Equipment,POI_Clothing,POI_Culture,POI_Vehicles,POI_State_Agents,POI_Education,POI_Finances,POI_Restaurants_Hotels,POI_Health,POI_Souvenirs_Thrift_Store,POI_Car_Parks,POI_Esthetics,POI_Sports,POI_Religion,POI_Administration,Airbnb_Number,Airbnb_Price,Airbnb_Price_Person,Airbnb_Location_Score,Percentage_Gender_Female,Percentage_Age_0_14,Percentage_Age_15_24,Percentage_Age_25_39,Percentage_Age_40_64,Percentage_Age_65_Plus,Household,Education_None,Education_Primary_School,Education_Middle_School,Education_High_School,Education_University,Nationality_Spain,Nationality_Italy,Nationality_France,Nationality_UK,Nationality_Romania,Nationality_Germany,Nationality_Russia,Nationality_Ucrany,Nationality_Portugal,Nationality_Netherlands,Nationality_Poland,Nationality_Bulgaria,Nationality_Sweden,Nationality_Belgium,Nationality_Ireland,Nationality_Greece,Nationality_Morocco,Nationality_Argelia,Nationality_Senegal,Nationality_Bolivia,Nationality_Colombia,Nationality_Peru,Nationality_Ecuador,Nationality_Honduras,Nationality_Brazil,Nationality_Venezuela,Nationality_Argentina,Nationality_Dominican_Republic,Nationality_USA,Nationality_Mexico,Nationality_Paraguay,Nationality_Chile,Nationality_Cuba,Nationality_Uruguay,Nationality_Salvador,Nationality_China,Nationality_Pakistan,Nationality_Philippines,Nationality_India,Nationality_Bangladesh,Nationality_Georgia,Nationality_Armenia,Nationality_Japan,Nationality_Nepal,Nationality_Oceania,Rent_Number_Flats,Rent_Price_Meter_Flats,Rent_Price_Total_Flats,Rent_Area_Flats
01_01,01,01,0.891971794143177,484,81,84,191,133,1,10,52,36,540,14,86,13,136,7,25,18,1386,80.55483405483406,27.931806195848413,9.43125533731853,0.4577168340766057,0.12874588421622973,0.10190472221064477,0.3285124828074855,0.32176051348309925,0.11907639728254074,2.81,0.0217569588499204,0.3065994500458295,0.2332963481113416,0.18093009793043563,0.24222104298326017,0.5036468970116283,0.03346809486100113,0.015983828616679865,0.009502771641728837,0.006251823448505814,0.00775226107614721,0.00404284583003376,0.0026049264368774227,0.004459634059934148,0.003292627016213062,0.0025424082023923645,0.0018755470345517443,0.003459342308173217,0.002042262326511899,0.0010211311632559495,0.0014795982161463761,0.02792481140332597,0.0036052181886383526,0.0010628099862459884,0.006460217563456008,0.006105947568040678,0.002792481140332597,0.005397407577210019,0.002292335264452132,0.00506397699328971,0.003667736423123411,0.005939232276080524,0.0042512399449839535,0.0046055099403992834,0.0037927728920935273,0.002146459383986996,0.003667736423123411,0.0015004376276413953,0.0007710582253157171,0.0008335764598007752,0.006835326970366357,0.09982078106114284,0.08458717125828366,0.021693827366315175,0.0592464468803401,0.0012920435126912017,0.0009169341057808527,0.0008335764598007752,0.003063393489767849,0.0006877005793356395,2003,13.915647800692472,748.5794857713432,59.21822149481724
01_02,01,02,0.8788334330395722,106,74,46,443,54,1,3,17,30,513,4,169,7,73,2,13,32,1093,91.67154620311071,30.38095772784702,9.818994413407822,0.4802955665024631,0.08405172413793104,0.09538177339901478,0.36637931034482757,0.3171182266009852,0.13706896551724138,2.48,0.01973506353068397,0.17153284671532848,0.18160313598269803,0.23121113814544472,0.38753717220870504,0.5373152709359605,0.06841133004926109,0.034852216748768476,0.021736453201970443,0.009051724137931035,0.017549261083743842,0.00769704433497537,0.0038177339901477834,0.007327586206896552,0.00855911330049261,0.0047413793103448275,0.002586206896551724,0.009482758620689655,0.004495073891625616,0.004064039408866995,0.002586206896551724,0.020935960591133004,0.0032019704433497538,0.002586206896551724,0.005049261083743843,0.009544334975369459,0.004310344827586207,0.002955665024630542,0.004125615763546798,0.008435960591133005,0.006342364532019705,0.011761083743842365,0.0022167487684729066,0.01163793103448276,0.008189655172413794,0.0021551724137931034,0.007266009852216749,0.0020320197044334976,0.001354679802955665,0.0011083743842364533,0.008620689655172414,0.04415024630541872,0.016133004926108373,0.010467980295566502,0.006157635467980296,0.0017857142857142857,0.0005541871921182266,0.0024630541871921183,0.0008620689655172414,0.0020935960591133003,808,14.191884811686215,973.2701608910888,77.62824207492795
01_03,01,03,1.9721268307484152,101,20,8,25,17,0,10,17,7,200,14,11,4,34,3,3,6,283,84.75265017667844,34.06593050647822,9.699530516431924,0.5026157208131912,0.08423283226276405,0.08575591020462221,0.3301768094828157,0.31567445864512284,0.18415998940467518,2.19,0.04051203723907193,0.2260528038402793,0.24139937449996363,0.20794239581060442,0.2736926321914321,0.652605787696179,0.06264485795642673,0.018674259982782597,0.014502350837692869,0.005761207867028674,0.013177935236077081,0.008078935169856302,0.007085623468644461,0.006886961128402092,0.005959870207271041,0.005893649427190253,0.004304350705251308,0.007218065028806039,0.002648831203231574,0.002450168862989206,0.0015892987219389444,0.021389311966094962,0.0035097013442818357,0.001125753261373419,0.004569233825574465,0.007284285808886829,0.0036421429044434144,0.004039467584928151,0.0012581948215349976,0.0111913118336534,0.006886961128402092,0.007946493609694722,0.0012581948215349976,0.006688298788159725,0.00615853254751341,0.0023177273028276275,0.005231441626382359,0.0030461558837163102,0.0019204026223428913,0.0007284285808886829,0.004304350705251308,0.027349182173366002,0.0011919740414542083,0.00503277928613999,0.0009933117012118403,0.0005959870207271041,0.0005297662406463148,0.0007284285808886829,0.0013906363816965765,0.0021190649625852593,857,19.844592488708642,745.8147141190196,40.10411311053985
01_04,01,04,1.1167944239842045,210,56,52,284,22,1,17,39,17,394,12,81,7,96,5,10,20,1028,86.44066147859922,31.27684245877339,9.855072463768115,0.5013305413776556,0.09763120010469833,0.09082580814029577,0.3532696418444357,0.31588361034768575,0.14238973956288445,2.26,0.02096609427445639,0.17818747871771173,0.17079340370676654,0.22104392664299266,0.39752882229897357,0.5837804824848406,0.06460759935436025,0.03228198752344807,0.02504035248440431,0.007590629498756708,0.01662086114382934,0.007677878113684945,0.0029664529075600927,0.0077651267286131835,0.008942983030144397,0.0038825633643065917,0.0016577236836365222,0.0053221655106225185,0.0034899445971295208,0.0036208175195218775,0.0027919556777036164,0.02896654015617502,0.004449679361340139,0.0030973258299524494,0.004231557824019544,0.009466474719713824,0.004231557824019544,0.004100684901627186,0.0013959778388518082,0.00876848580028792,0.00571478427779959,0.010382585176460324,0.006543646119617851,0.01099332548095799,0.008463115648039088,0.0016140993761724033,0.005147668280766043,0.0010033590716747372,0.002137591065741831,0.001177856301531213,0.016489988221436984,0.017057104218470533,0.012171181782489203,0.005976530122584304,0.0019630938358853552,0.0020067181433494744,0.00034899445971295204,0.0030100772150242114,0.00026174584478471405,0.002050342450813593,1309,15.713611120621234,916.6526967150497,66.13725490196079
02_05,02,05,1.4991557002844402,136,53,72,58,34,18,14,29,16,209,23,13,11,71,17,5,5,578,102.21453287197232,29.810930548690056,9.418803418803419,0.5292685971043435,0.11579505741387919,0.08702571143285072,0.24978157763354966,0.33530953569645533,0.21208811782326512,2.5,0.017316786971517974,0.13234718913344948,0.18358638836539487,0.27148597233581057,0.3816449169718736,0.7807975536694958,0.03107838242636046,0.016506490264603095,0.005991013479780329,0.004212431352970544,0.0066150773839241134,0.004524463305042436,0.002683474787818273,0.004087618572141787,0.0026210683974038943,0.0020906140788816774,0.0014977533699450823,0.0014041437843235148,0.0013417373939091364,0.0011233150274588119,0.0008112830753869196,0.005086120818771842,0.0007800798801797304,0.0009672990514228657,0.00399400898652022,0.0060222166749875185,0.005210933599600599,0.0037443834248627058,0.0029955067398901645,0.006240639041437843,0.0060222166749875185,0.00558537194208687,0.0018097853220169745,0.0031203195207189214,0.00517973040439341,0.0012481278082875687,0.002870693959061408,0.0017161757363954068,0.0013417373939091364,0.0005616575137294059,0.03987768347478782,0.00399400898652022,0.0012169246130803795,0.0018721917124313529,0.0010921118322516226,0.000998502246630055,0.0003120319520718922,0.0007800798801797304,0.000717673489765352,0.00028082875686470297,1054,13.11479627587323,900.4181973434534,74.00411946446962
02_06,02,06,2.1203823826649875,306,88,90,138,70,20,43,43,52,393,58,70,23,181,13,5,1,1015,87.48866995073891,26.2205574201387,9.560827250608272,0.542370912470233,0.10479951985440747,0.08416100365917407,0.24268649203306808,0.3444076590966293,0.22394532535672107,2.36,0.021905757338210957,0.14591498998345093,0.19360247365212088,0.26504659872833375,0.3610530441599164,0.8074771059611624,0.02311668699541151,0.009002729860022072,0.00449168457532284,0.004007666840913051,0.0038140597471491354,0.004259356062806141,0.00249753150955451,0.004375520319064491,0.0018392673907571973,0.0023039244157905944,0.0007550676656792705,0.0013939710751001916,0.0006776248281737042,0.0008518712125612282,0.0007357069563028789,0.005556523591024375,0.0006389034094209212,0.0006776248281737042,0.006698805444231477,0.00836382645060115,0.007608758784921879,0.005401637916013243,0.0031751563377282145,0.005517802172271592,0.007279626725523223,0.005014423728485411,0.0028266635689531664,0.002671777893942034,0.005091866565990978,0.003755977619019961,0.0030396313720934733,0.0016650210063696735,0.0011810032719598846,0.0006001819906681381,0.02234225862035585,0.003271959884610172,0.0017811852626280226,0.002536252928307293,0.0006582641187973127,0.0014326924938529747,0.0014326924938529747,0.001335888946971017,0.002032874484521113,0.00025168922189309015,1756,13.347805005141533,876.2485022779041,68.92757996378998
02_07,02,07,0.7799804077717425,366,162,195,549,140,18,64,97,110,921,105,33,50,200,22,17,36,1733,148.40565493364107,34.992670756505156,9.745836350470674,0.5365908782714822,0.12150250870135154,0.08902499660986304,0.23816842200424898,0.33908149889255523,0.2122225737919812,2.39,0.011101888358580619,0.08233035899564226,0.1295652625025939,0.25871550114131564,0.5037352147748495,0.7847941056818696,0.03200289291687384,0.023143334990733625,0.010328617276137956,0.002282692220765719,0.011006644668444605,0.0054920218776838585,0.0020792840030737243,0.00427157257153189,0.004520182615377661,0.002282692220765719,0.0008588346969217556,0.002576504090765267,0.0023278940469194957,0.0019436785246123944,0.0011526465669213035,0.002418297699227049,0.0009492383492293089,0.000293811869999548,0.003028522352303033,0.006599466618451386,0.004181168919224336,0.002508701351534602,0.0017176693938435112,0.0063282556615287255,0.004994801789992316,0.004881797224607874,0.0012882520453826336,0.00829453509921801,0.006147448356913619,0.0015368620892284048,0.002870315960764815,0.0012882520453826336,0.0009492383492293089,0.000587623739999096,0.015526827283822266,0.0012656511323057452,0.0015594630023052932,0.0012882520453826336,0.0006328255661528726,0.000587623739999096,0.0004294173484608778,0.0020340821769199474,0.000587623739999096,0.001107444740767527,1871,13.5422802573059,1195.2261892036352,98.05124919923126
02_08,02,08,1.2676793700282638,313,91,130,215,81,14,53,45,60,731,99,21,55,217,13,11,7,998,108.51803607214428,31.37961750729789,9.603821656050956,0.5351900639819345,0.10940440346255174,0.08583458788106887,0.2574567181031238,0.33244730899510727,0.21485698155814828,2.33,0.013628257339828049,0.0937741222816684,0.14594479491069764,0.26897175863078604,0.4655700178338524,0.7910237109522017,0.02752164094843809,0.014772299585999247,0.008397628904779826,0.0032931878057960106,0.008397628904779826,0.004257621377493414,0.0021640948438088068,0.004069439217162213,0.0029873917952578095,0.002234663153933007,0.0009879563417388032,0.0019759126834776063,0.0013407978923598042,0.0011996612721114038,0.0011290929619872036,0.002893300715092209,0.0004234098607452014,0.0002822732404968009,0.003787165976665412,0.008232969514490027,0.005339668799397817,0.002822732404968009,0.0019288671433948061,0.007856605193827625,0.007080353782461423,0.005763078660143019,0.0018112532931878057,0.00628057960105382,0.005951260820474219,0.002234663153933007,0.0040223936770794125,0.0017406849830636055,0.0008468197214904028,0.000940910801656003,0.01583082423786225,0.0031050056454648097,0.007786036883703425,0.0020700037636432068,0.0003763643206624012,0.0007762514113662024,0.0002117049303726007,0.0023287542340986074,0.0006821603312006022,0.0005645464809936018,1928,13.732518537185904,1060.0282417012447,83.9395184967704
02_09,02,09,1.8127258033457097,228,81,107,113,64,32,35,68,41,443,90,26,29,223,23,10,9,799,76.55193992490614,27.17800127143056,9.344135802469136,0.5360027437194547,0.10626768412929778,0.08354625739518134,0.24412243848066537,0.33605418845923,0.23000943153562547,2.37,0.014809659145834542,0.12058465286236297,0.16855170813757903,0.27032461380817047,0.41310442163060923,0.8193603704021264,0.022104089856812142,0.008882791734545143,0.004029837949069708,0.004218468661579353,0.004355654634313641,0.0038412072365600616,0.0019377518648718169,0.003909800222927206,0.001749121152362171,0.0013890079739346652,0.0005144473977535797,0.0009945983023235874,0.0009774500557318015,0.0007545228500385836,0.0008059675898139415,0.0038240589899682757,0.0004801509045700077,0.0003086684386521478,0.003909800222927206,0.007390894281059762,0.007202263568550115,0.004801509045700077,0.002315013289891109,0.007733859212895482,0.005898996827574381,0.005110177484352225,0.0020406413444225328,0.0030180914001543342,0.0042013204149875675,0.0025893852353596845,0.00329246334562291,0.001783417645545743,0.0008402640829975136,0.0005487438909371517,0.021572494212466774,0.00329246334562291,0.005676069621881163,0.001543342193260739,0.0009431535625482294,0.0008402640829975136,0.0007202263568550116,0.0019377518648718169,6.859298636714396e-05,0.00027437194546857586,2064,13.549460119840361,943.2298594961243,73.83934088568486
02_10,02,10,1.3000132016969765,282,97,95,209,103,6,36,44,33,417,47,31,30,136,16,6,7,967,86.99276111685626,26.805875437041422,9.54656862745098,0.5261897323752994,0.10389982297198792,0.08158908674372592,0.2507810059356451,0.3383578048526502,0.22537227949599084,2.34,0.02296530337604587,0.15821192440465742,0.19568778889473992,0.25656778421391374,0.3526124861037973,0.7864729771946267,0.027855878371342287,0.01215765906487556,0.007055086951994169,0.003150057273768614,0.006560449859418931,0.002993856086639592,0.0017442465896074144,0.004009163802978236,0.0018744142455482662,0.002004581901489118,0.001145475372279496,0.001509944808913881,0.0011715089034676663,0.0014318442153493699,0.0007549724044569405,0.004738102676247006,0.0004946370925752369,0.0003905029678225555,0.004868270332187858,0.0057273768613974796,0.004451733833177133,0.003514526710402999,0.0018483807143600958,0.005362907424763095,0.004894303863376029,0.004451733833177133,0.0036707278975320213,0.0036967614287201915,0.004113297927730917,0.001718213058419244,0.002785587837134229,0.001353743621784859,0.0009632406539623034,0.0005987712173279184,0.020410288451525566,0.012548162032698115,0.016843694678746225,0.004061230865354577,0.005076538581693221,0.0007549724044569405,0.0006248047485160887,0.0014318442153493699,0.0016661459960429033,0.00044257003019889616,1351,13.01762326641725,900.4813693560321,74.395552025417
03_11,03,11,2.599628316592068,145,38,30,17,17,3,14,33,18,296,18,16,9,78,17,10,11,979,82.79673135852912,26.082278442531244,9.359903381642512,0.507037018682789,0.11747361117993954,0.08486545418504386,0.2813320779027702,0.3457059319094108,0.17062292482283561,2.52,0.02868295994568907,0.2442011767368183,0.23373500792034396,0.22448517764200046,0.2537904503281285,0.6932206749591159,0.03208781406412607,0.014817384409534664,0.00872193864909064,0.004608751672530849,0.006591010456415085,0.0033202834630060955,0.0019079240794885773,0.003394618167401754,0.0015858070271073889,0.0028494970018335896,0.001437137618316071,0.002031815253481342,0.0014123593835175183,0.0013132464443233063,0.0014866940879131772,0.017666881411368254,0.0028247187670350365,0.0007433470439565886,0.005649437534070073,0.007309579265573121,0.0037662916893800484,0.005475989890480202,0.003939739332969919,0.005921998116854155,0.0038654046285742606,0.004757421081322166,0.011125427424550275,0.002998166410624907,0.0028247187670350365,0.00235393230586253,0.003518509341394519,0.0013380246791218594,0.0008176817483522474,0.0016601417315030478,0.010877645076564746,0.044377818524208336,0.02804896179196194,0.019946479012835125,0.005773328708062838,0.0017592546706972595,0.000495564695971059,0.0006194558699638237,0.003914961098171367,0.00044600822637395313,1211,13.692917004798652,749.5214781172582,58.367166813768755
03_12,03,12,5.826425050325786,3,3,2,0,2,12,0,2,1,12,0,1,0,0,2,1,5,7,132.85714285714286,26.619047619047617,8.333333333333334,0.48045178105994785,0.12945264986967853,0.09035621198957429,0.23457862728062553,0.36055603822762816,0.18505647263249347,2.57,0.05740181268882175,0.4229607250755287,0.3252769385699899,0.11883182275931521,0.05337361530715005,0.9165942658557776,0.004344048653344918,0.0008688097306689834,0.0,0.0017376194613379669,0.0,0.0034752389226759338,0.0008688097306689834,0.0,0.0,0.0,0.0,0.0,0.0008688097306689834,0.0,0.0,0.005212858384013901,0.0008688097306689834,0.0,0.0026064291920069507,0.005212858384013901,0.0034752389226759338,0.0017376194613379669,0.004344048653344918,0.0,0.005212858384013901,0.0008688097306689834,0.0026064291920069507,0.0,0.0008688097306689834,0.010425716768027803,0.0,0.0008688097306689834,0.0026064291920069507,0.0,0.018245004344048653,0.0008688097306689834,0.0,0.0,0.0,0.0034752389226759338,0.0,0.0,0.0,0.0,4,,,93.33333333333333
03_13,03,13,3.9211284844723964,101,34,15,20,11,4,7,18,14,98,24,6,7,37,5,7,7,103,70.71844660194175,35.95159500693482,8.69047619047619,0.5191039122199725,0.13669910521847037,0.1043367513552348,0.19136568480177651,0.3704852720266475,0.1971131865978708,2.58,0.03735027362136926,0.288354827599403,0.27622364241705255,0.23133443037005855,0.14369905476254258,0.8596760498987656,0.0058781268369146366,0.0018614068316896348,0.0007837502449219516,0.0057475017960943115,0.0007837502449219516,0.0026451570766115864,0.00248187577558618,0.0017307817908693097,0.0004571876428711384,0.0015021879694337404,0.002906407158252237,0.0002612500816406505,9.796878061524395e-05,0.00013062504082032525,0.00013062504082032525,0.010613284566651428,0.0015348442296388217,0.0005878126836914636,0.0024492195153810984,0.005682189275684149,0.007445627326758539,0.007445627326758539,0.007119064724707727,0.002383906994970936,0.0016981255306642283,0.0023512507347658545,0.003820782443994514,0.0004571876428711384,0.0007184377245117889,0.0014695317092286591,0.001142969107177846,0.0013389066684083338,0.0006531252041016263,0.0006531252041016263,0.01763438051074391,0.008882502775782118,0.012311410097315656,0.0038860949644046764,0.0010776565867676835,0.0013715629286134151,0.00042453138266605706,0.0002612500816406505,0.0003918751224609758,0.0,402,10.36207564431409,691.4249253731344,69.98441558441559
03_14,03,14,2.8408867006429825,29,10,3,0,2,1,1,11,1,34,4,3,0,15,0,4,1,150,70.98666666666666,28.293611111111108,9.194915254237289,0.5290731145653426,0.10573786221454615,0.08539627710612166,0.23968528113605833,0.3452312416042986,0.22394933793897526,2.43,0.031310732023321096,0.18656877564240984,0.2177715396242712,0.25091772835240767,0.2965882098898726,0.8060832853578968,0.021684897332565727,0.008635578583765112,0.004029936672423719,0.005853003262329687,0.003742084052964882,0.006428708501247361,0.0033582805603530994,0.0036461331798119364,0.001535213970447131,0.0032623296872001536,0.001247361350988294,0.0009595087315294569,0.0010554596046824026,0.0005757052389176742,0.0009595087315294569,0.007196315486470927,0.0005757052389176742,0.0013433122241412398,0.004029936672423719,0.008731529456918057,0.00556515064287085,0.004317789291882556,0.0011514104778353484,0.007484168105929764,0.0038380349261178275,0.003933985799270774,0.002302820955670697,0.0019190174630589138,0.0017271157167530224,0.0029744770677413166,0.0032623296872001536,0.0020149683362118594,0.0017271157167530224,0.0008635578583765112,0.016311648436000768,0.013433122241412397,0.002110919209364805,0.006044905008635579,0.00019190174630589137,0.0029744770677413166,0.0017271157167530224,0.00047975436576472844,0.001535213970447131,9.595087315294569e-05,277,13.034586853868364,811.0759566787003,66.13533834586467
03_15,03,15,2.5151820355727197,135,34,33,65,20,3,12,20,15,159,25,9,6,60,5,5,4,227,83.5330396475771,25.942909586742186,9.409090909090908,0.521913599598721,0.11254624114364536,0.08245031036428616,0.26904508119631326,0.34378330929838863,0.19217505799736662,2.41,0.02553161226086338,0.2022615745679539,0.22075243581537587,0.24031007751937986,0.2977739847805988,0.7789203084832905,0.021004451689761113,0.010470875916985391,0.004639789328484544,0.0059564863000815095,0.004263590193742554,0.00520408803059753,0.0016928961063389554,0.002382594520032604,0.0015047965389679604,0.0022571948084519405,0.002131795096871277,0.0012539971158066336,0.0008150981252743119,0.0005642987021129851,0.00043889899053232176,0.012477271302276004,0.0012539971158066336,0.0005642987021129851,0.008025581541162456,0.00746128283904947,0.007398582983259138,0.007774782118001129,0.0034484920684682424,0.00558028716533952,0.0038873910590005644,0.0032603925010972474,0.004639789328484544,0.003009593077935921,0.0024452943758229355,0.0028841933663552575,0.0026960937989842625,0.001003197692645307,0.0009404978368549753,0.0006269985579033168,0.018120258323405858,0.018433757602357513,0.006395385290613832,0.0100946767822434,0.0012539971158066336,0.003323092356887579,0.001003197692645307,0.0008777979810646435,0.002821493510564926,0.0005015988463226535,566,12.91395537399208,747.0873144876325,62.177024482109225
03_16,03,16,3.442233127151032,54,19,11,9,5,3,5,27,13,62,11,6,2,40,5,10,1,130,58.38461538461539,25.226245421245423,8.93,0.5286891870050106,0.11626528743063412,0.08426270136307311,0.21146489952049996,0.36404288562038684,0.22396422606540595,2.46,0.032234251968503935,0.2124138779527559,0.2500615157480315,0.2618110236220472,0.22920767716535434,0.8685415656484026,0.010398146651581272,0.004848876676903184,0.0017779214481978341,0.004363989009212865,0.0022628091158881525,0.0019395506707612737,0.0022628091158881525,0.0008081461128171974,0.0005387640752114649,0.0010236517429017833,0.0008620225203383439,0.00026938203760573247,0.00043101126016917193,0.00021550563008458596,0.00043101126016917193,0.009266742093637197,0.0005926404827326114,0.0007542697052960508,0.007003932977749044,0.005872528419804968,0.004795000269382037,0.004256236194170573,0.002855449598620764,0.0035558428963956682,0.0026938203760573246,0.002208932708367006,0.0035558428963956682,0.0008620225203383439,0.0010236517429017833,0.003501966488874522,0.0010236517429017833,0.0015624158181132483,0.0009697753353806369,0.00043101126016917193,0.013738483917892355,0.007273315015354776,0.002747696783578471,0.007273315015354776,0.00043101126016917193,0.0018856742632401271,0.0003232584451268789,0.00043101126016917193,5.387640752114649e-05,5.387640752114649e-05,420,11.9362383243163,789.9802619047618,69.1376811594203
03_17,03,17,3.7895893639258644,80,31,36,44,14,2,15,11,20,109,23,13,4,68,5,6,1,169,60.23668639053255,23.506526486334185,8.953488372093023,0.5327899530086914,0.10808000998045494,0.08641410570965193,0.23225350355553706,0.3491079968395226,0.22414438391483346,2.42,0.03491869536610584,0.2229062881849798,0.23658238556255287,0.24433687376633142,0.24814362252091363,0.8287104420509835,0.008982409448164011,0.005239738844762341,0.0019545057595542065,0.007568511664656714,0.0019129205306275211,0.0026198694223811703,0.0025782841934544848,0.0022040171331143177,0.001039630723167131,0.0012475568678005573,0.0005821932049735934,0.00033268183141348193,0.0007485341206803344,0.00045743751819353766,0.00045743751819353766,0.007069488917536491,0.0015386534702873538,0.00016634091570674097,0.013307273256539277,0.008275460556410362,0.00864972761675053,0.008774483303530586,0.0051981536158356555,0.0034099887719881896,0.004116937663741839,0.0032436478562814486,0.008524971929970475,0.0009564602653137606,0.0019129205306275211,0.0051565683869089695,0.0015802386992140392,0.0013307273256539277,0.0008732898074603901,0.0021208466752609474,0.013182517569759222,0.011519108412691811,0.003617914916621616,0.0037010853744749864,0.0007069488917536491,0.0032020626273547635,0.0005821932049735934,0.00033268183141348193,0.0011643864099471868,8.317045785337048e-05,651,13.14803988429266,759.1847004608296,60.85736925515055
03_18,03,18,3.005339381474874,224,65,53,114,54,10,33,59,33,273,56,21,11,150,12,5,0,377,75.18567639257294,25.16576196791714,9.27457627118644,0.529919503442925,0.1151197749975754,0.08272718456017845,0.24456890699253225,0.34504412763068565,0.2125400058190282,2.4,0.027518373211029453,0.17690777476929878,0.21202409239100403,0.2538542299828701,0.3164060341493065,0.8301571137620017,0.015517408592765009,0.007734458345456309,0.003273203375036369,0.005891766075065464,0.0030064979148482205,0.003054989816700611,0.002618562700029095,0.0024973329453981184,0.0014547570555717194,0.001575986810202696,0.0014305111046455242,0.000897100184269227,0.0008001163805644458,0.0005576568713024925,0.0007758704296382504,0.007879934051013482,0.0008243623314906411,0.0006546406750072738,0.010813694113083114,0.005406847056541557,0.006667636504703715,0.00669188245562991,0.0032974493259625643,0.004218795461157987,0.004194549510231791,0.0037096304917078847,0.004218795461157987,0.0017457084666860634,0.002836776258364853,0.003515662884298322,0.0022063815342837747,0.001333527300940743,0.0005819028222286878,0.0007031325768596644,0.01265638638347396,0.009552904664920958,0.002521578896324314,0.005188633498205799,0.0010910677916787896,0.00223062748520997,0.00014547570555717196,0.001042575889826399,0.0012850353990883523,0.0002909514111143439,1399,13.184824350334544,787.2279699785558,64.26239511823036
04_19,04,19,2.9499070051745186,213,78,60,162,54,19,36,74,73,345,104,10,22,196,25,3,13,204,92.51960784313725,31.992045985060685,9.243243243243244,0.5357452715599514,0.12033663022731217,0.08313812250563943,0.20377841402047545,0.33730262016310947,0.2554442130834635,2.42,0.016367790969152054,0.11206596791018826,0.1609209676618151,0.2768615568029407,0.42029705429437186,0.8892937706055873,0.011105327086586847,0.005357452715599514,0.0021473191046330036,0.002971542599340621,0.00342703453062641,0.00336196425472844,0.0014749262536873156,0.0027763317716467117,0.0009760541384695471,0.001366475793857366,0.0008025334027416276,0.0005856324830817283,0.0008025334027416276,0.0003687315634218289,0.0003687315634218289,0.002342529932326913,0.0006290126670137081,0.0002602811035918792,0.0027980218636127017,0.004468158944993927,0.0035571750824223494,0.002711261495748742,0.0018436578171091445,0.003709005726184279,0.0031667534270345306,0.002385910116258893,0.0014749262536873156,0.002385910116258893,0.0022557695644629533,0.0018870380010411244,0.0014532361617213257,0.0008242234947076175,0.0005856324830817283,0.0002602811035918792,0.011756029845566545,0.002385910116258893,0.0008025334027416276,0.0013881658858233559,0.00021690091965989935,0.0005422522991497484,0.0002385910116258893,0.0036005552663543293,6.50702758979698e-05,0.0002385910116258893,1323,14.331099229190947,1002.4704913076343,73.20114942528735
04_20,04,20,4.439800391383235,61,33,24,11,16,4,13,41,18,130,32,10,7,65,15,3,3,154,58.64935064935065,23.84212791177077,9.024793388429751,0.5329024186822352,0.12010008340283569,0.08465387823185988,0.20900750625521267,0.32618849040867387,0.2600500417014178,2.46,0.023993882038046074,0.13975719338495363,0.17584360959755282,0.2704330369945512,0.37620686358856703,0.8871976647206005,0.010341951626355296,0.005963302752293578,0.00158465387823186,0.002043369474562135,0.0024603836530442034,0.0027522935779816515,0.0021684737281067556,0.0015012510425354462,0.0007506255212677231,0.0009591326105087573,0.0007506255212677231,0.0002919099249374479,0.0003336113427856547,0.0003336113427856547,0.0005838198498748958,0.0037948290241868222,0.00045871559633027525,0.0001251042535446205,0.0034612176814011676,0.006046705587989992,0.00567139282735613,0.003628023352793995,0.0016263552960800666,0.003377814845704754,0.004211843202668891,0.0034612176814011676,0.003628023352793995,0.0011259382819015847,0.004420350291909925,0.003878231859883236,0.0013761467889908258,0.0014178482068390324,0.0009174311926605505,0.0008340283569641367,0.00859049207673061,0.001292743953294412,0.0005838198498748958,0.002335279399499583,0.00016680567139282736,0.001042535446205171,0.00037531276063386155,0.002043369474562135,0.0006672226855713094,4.170141784820684e-05,612,13.369236308238131,925.1559150326804,72.9728813559322
04_21,04,21,5.0132894366924665,20,11,5,12,5,0,3,43,11,38,6,2,3,17,4,6,9,35,108.71428571428571,42.240476190476194,9.44,0.5318148056449616,0.16101345217463067,0.11058842947924404,0.16051828010233557,0.3260708096063382,0.24180902863745152,2.86,0.004593569003395246,0.057120031955262635,0.11643698821649691,0.2799081286199321,0.5147793089674456,0.8252042584798217,0.016588264421886604,0.0340843443096476,0.006602294297268301,0.002145745646612198,0.007757695799290253,0.0142774614178427,0.0030535611124865893,0.0029710324337707352,0.0017331022530329288,0.0004126433935792688,0.0028059750763390276,0.0009078154658743913,0.0014855162168853676,0.00016505735743170752,0.0002475860361475613,0.0026409177189073204,0.002393331682759759,0.0,0.003383675827350004,0.003136089791202443,0.002723446397623174,0.0015680448956012214,0.0011554015020219526,0.0028885037550548816,0.002310803004043905,0.0036312618634975653,0.0012379301807378064,0.0033011471486341505,0.0038788478996451266,0.0015680448956012214,0.002310803004043905,0.0002475860361475613,0.0005777007510109763,0.001072872823306099,0.005199306759098787,0.0014029875381695138,0.0028885037550548816,0.0009903441445902451,8.252867871585376e-05,0.0002475860361475613,0.0007427581084426838,0.006024593546257324,8.252867871585376e-05,0.0,196,16.211643256314822,1785.6283163265305,116.05882352941177
05_22,05,22,7.630855993372044,9,4,2,0,0,0,2,3,3,11,3,1,0,4,0,6,4,37,132.6216216216216,26.670527670527665,8.9,0.5037321390488377,0.1870334826188953,0.10407336319044573,0.17167839624653444,0.3921944977607166,0.14502026018340797,2.97,0.01674641148325359,0.09463051568314726,0.15975544922913343,0.28894205209994683,0.4130781499202552,0.8573256557901472,0.018980592876946045,0.01876732778844103,0.012582640221795692,0.0027724461505651524,0.010023459159735551,0.007464278097675411,0.0012795905310300703,0.0019193857965451055,0.007677543186180422,0.0017061207080400938,0.0010663254425250586,0.0025591810620601407,0.002985711239070164,0.0008530603540200469,0.0006397952655150352,0.0012795905310300703,0.00021326508850501172,0.0,0.0019193857965451055,0.002345915973555129,0.001492855619535082,0.0021326508850501172,0.00042653017701002344,0.0012795905310300703,0.0021326508850501172,0.0036255065045851993,0.0,0.004691831947110258,0.0006397952655150352,0.0021326508850501172,0.003198976327575176,0.0006397952655150352,0.0008530603540200469,0.0,0.0008530603540200469,0.00042653017701002344,0.0,0.0,0.00021326508850501172,0.0010663254425250586,0.0025591810620601407,0.0006397952655150352,0.0,0.00021326508850501172,69,16.579957237339364,1220.0,80.66666666666667
05_23,05,23,4.817884940164563,116,36,32,97,18,6,26,63,16,94,58,4,8,73,18,11,8,52,77.03846153846153,30.133814102564095,9.333333333333334,0.5347327332111845,0.1822671871265833,0.10630924878515095,0.16840595873496375,0.3338245837648371,0.20919302158846492,2.82,0.010113468179575728,0.07326097681302417,0.12244696595954613,0.2731623088307844,0.4958559447459299,0.8732972197880985,0.017087548793117184,0.025412252051302476,0.004779733928144667,0.0010356090177646778,0.00537720066916275,0.0038636182585836056,0.0023102047319365888,0.0020712180355293556,0.0019118935712578665,0.0009161156695610611,0.00179240022305425,0.0009957779016968055,0.0008762845534931889,0.0005576356249502111,0.0007169600892217,0.001991555803393611,0.0008762845534931889,0.0003186489285429778,0.0019118935712578665,0.0023102047319365888,0.0018322313391221222,0.0007966223213574444,0.0013144268302397832,0.0016729068748506334,0.0013542579463076555,0.0011949334820361666,0.00047797339281446664,0.007089938660081256,0.0017127379909185054,0.0013940890623755278,0.0009161156695610611,0.0006372978570859556,0.0001593244642714889,0.00023898669640723332,0.004102604954990839,0.0008762845534931889,0.0013144268302397832,0.00107544013383255,0.0,0.0005178045088823389,7.966223213574445e-05,0.006213654106588066,3.9831116067872224e-05,7.966223213574445e-05,681,17.50943898814595,1353.8591189427311,82.57142857142857
05_24,05,24,3.5696574079702237,60,18,12,4,6,3,16,19,17,53,91,2,4,19,7,7,5,33,142.6969696969697,60.274603174603165,9.5,0.5365546218487395,0.17490996398559425,0.12581032412965187,0.15900360144057624,0.32971188475390156,0.2105642256902761,2.98,0.004351032448377581,0.04970501474926254,0.09896755162241888,0.3032448377581121,0.5186578171091445,0.905282112845138,0.010324129651860744,0.009723889555822329,0.003061224489795918,0.0006602641056422569,0.00510204081632653,0.0022208883553421366,0.0006602641056422569,0.0019807923169267707,0.0024009603841536613,0.0009603841536614646,0.000900360144057623,0.0006002400960384153,0.0013205282112845138,0.0004201680672268908,0.00024009603841536616,0.0016206482593037214,0.0004201680672268908,0.00012004801920768308,0.0020408163265306124,0.0021608643457382954,0.001800720288115246,0.0012004801920768306,0.0018607442977190876,0.0016806722689075631,0.0021008403361344537,0.0016806722689075631,0.00024009603841536616,0.008883553421368547,0.0021608643457382954,0.0013205282112845138,0.0010204081632653062,0.0006002400960384153,0.00030012004801920766,0.0005402160864345738,0.001800720288115246,0.0001800720288115246,0.00234093637454982,0.0009603841536614646,0.0,0.0003601440576230492,0.0,0.0054621848739495795,6.002400960384154e-05,0.00024009603841536616,336,16.88121475595254,1634.1225595238093,106.53481012658227
05_25,05,25,4.180427649082259,104,34,41,107,19,12,18,70,30,144,84,6,10,72,22,12,7,68,86.73529411764706,30.314845938375356,9.097560975609756,0.5399282102744221,0.16183565556370375,0.11401443513836891,0.17206376162723377,0.3304643174186576,0.22162183025203597,2.77,0.007465472191116088,0.06215005599104143,0.1171612541993281,0.30160507652109,0.4915546845837999,0.8841329267821992,0.012389517156200548,0.009880736423636575,0.0030877301323864294,0.002200007719325331,0.0046315951985796446,0.006484233278011502,0.0017754448261221968,0.002701763865838126,0.0019298313327415185,0.0009649156663707592,0.0005403527731676251,0.0005017561465127947,0.0009649156663707592,0.0006561426531321163,0.0003859662665483037,0.0030877301323864294,0.0005017561465127947,0.0003473696398934733,0.0030105368790767687,0.003859662665483037,0.0033193098923154116,0.001968427959396349,0.0016210583195028754,0.0024701841059091437,0.002431587479254313,0.0027789571191477866,0.0003859662665483037,0.0038210660388282064,0.002624570612528465,0.0018140414527770272,0.0012350920529545719,0.0005017561465127947,0.0004631595198579644,0.00030877301323864296,0.006831602917904975,0.0019298313327415185,0.0022772009726349917,0.0011193021729900806,0.0006175460264772859,0.0006561426531321163,0.0003859662665483037,0.0011964954262997415,3.859662665483037e-05,0.0002315797599289822,802,15.37836978428816,1236.677356608479,86.98257372654156
05_26,05,26,2.5363959504014866,287,99,163,419,56,28,52,62,71,457,122,11,35,237,33,11,7,364,121.0989010989011,35.11368611547182,9.36259541984733,0.5490545096643142,0.14740435155906434,0.11249555001779993,0.17938140012145834,0.33769606098046195,0.2230226373212154,2.56,0.00569765127388535,0.05722531847133758,0.11176353503184713,0.29466062898089174,0.5091062898089171,0.8759030846229556,0.016208405754612274,0.011894540657131488,0.004648922580780265,0.0015496408602600883,0.006198563441040353,0.004334806190187004,0.0015496408602600883,0.0023872845685087847,0.002282579104977698,0.0007748204301300442,0.0006701149665989571,0.0014030532113165665,0.0010051724498984357,0.00048164513224300046,0.0008585848009549138,0.0017171696019098277,0.00033505748329947855,0.00020941092706217411,0.002701400959102046,0.0032458693694636985,0.0023872845685087847,0.0014658764894352188,0.0018846983435595668,0.0028270475153393503,0.0029317529788704375,0.0021988147341528283,0.0009423491717797834,0.007392205725294746,0.0029108118861642203,0.0019056394362657843,0.0021988147341528283,0.0006072916884803049,0.0004397629468305656,0.0008376437082486965,0.0042091596339497,0.001675287416497393,0.002973635164282872,0.0012983477477854794,4.188218541243482e-05,0.0005863505957740875,2.094109270621741e-05,0.0012774066550792621,4.188218541243482e-05,0.00031411639059326116,1530,14.605387979284014,1311.4671764705888,98.5572033898305
05_27,05,27,3.104724084192961,106,34,35,61,22,7,24,49,17,120,57,10,9,92,18,4,1,257,112.93385214007782,35.97480901070395,9.105555555555556,0.5461728061586251,0.14278961407299862,0.10014518688591012,0.20866394300570618,0.3384542661309383,0.20994698990444677,2.42,0.008286522449304808,0.06238795267120832,0.13003465997370622,0.29321540974463167,0.4887056292577985,0.8703447344430564,0.020427457203633047,0.010973427423439241,0.004929601242529628,0.002431036229192693,0.005233480771178715,0.003950433872438127,0.0011479893304521052,0.004119255832798731,0.0017557483877502786,0.001553162035317554,0.0005064658810818111,0.0010129317621636223,0.0010804605463078636,0.0006415234493702941,0.0005402302731539318,0.002633622581625418,0.00013505756828848295,0.0005402302731539318,0.0027011513657696595,0.00408549144072661,0.0034777323834284364,0.00182327717189452,0.0012830468987405882,0.003612789951716919,0.005436067123611439,0.0037140831279332816,0.0007090522335145356,0.0034777323834284364,0.003106324070635108,0.00273491575784178,0.002127156700543607,0.0010129317621636223,0.0005402302731539318,0.0007090522335145356,0.005773711044332647,0.001688219603606037,0.0008103454097308978,0.0011479893304521052,6.752878414424148e-05,6.752878414424148e-05,0.00016882196036060372,0.0017219839956781578,3.376439207212074e-05,0.0003714083127933282,1198,14.876829489022498,930.1923121869783,69.63432165318957
06_28,06,28,4.085033732512628,39,23,15,12,5,5,3,31,5,40,20,11,6,12,6,4,1,133,79.59398496240601,26.30958917857414,9.088235294117647,0.5346781940441883,0.13698366954851104,0.08447006083893692,0.20307396733909702,0.3446685878962536,0.2308037143772014,2.42,0.02127659574468085,0.11559784237338927,0.18234941564279292,0.2746478873239437,0.3900958945160324,0.865449887928274,0.016458533461415306,0.007684918347742555,0.00627601665065642,0.004034582132564841,0.005699647774575729,0.005123278898495036,0.00345821325648415,0.003266090297790586,0.0021133525456292026,0.001536983669548511,0.0009606147934678194,0.001280819724623759,0.001408901697086135,0.0005763688760806917,0.0005123278898495037,0.003330131284021774,0.0,0.00025616394492475184,0.003009926352865834,0.004867114953570285,0.004931155939801473,0.0024975984630163303,0.001536983669548511,0.002561639449247518,0.006019852705731668,0.0035862952289465256,0.001536983669548511,0.0027537624079410823,0.0023054755043227667,0.0026256804354787065,0.003073967339097022,0.0013448607108549472,0.0009606147934678194,0.00025616394492475184,0.005379442843419789,0.005187319884726225,0.0007684918347742555,0.0023695164905539546,0.0,0.0007044508485430675,0.0009606147934678194,0.0012167787383925712,0.0,0.0004482869036183157,552,14.112132218205456,910.9271920289851,68.7568093385214
06_29,06,29,3.9386074069526527,18,4,3,3,1,0,1,1,4,7,3,1,0,4,1,1,0,39,67.15384615384616,21.97863247863248,8.5625,0.5320409262250942,0.13543349488422185,0.08656435110393107,0.2162089391491653,0.3578352180936995,0.20395799676898224,2.4,0.02895813660686182,0.1643059490084986,0.2214353163361662,0.2758892036512433,0.29619137551148883,0.8566235864297254,0.013193322563274098,0.009289176090468497,0.006192784060312331,0.008077544426494346,0.004711900915455035,0.005654281098546042,0.0032310177705977385,0.0020193861066235864,0.0010770059235325794,0.003769520732364028,0.0004038772213247173,0.0008077544426494346,0.002154011847065159,0.0008077544426494346,0.0005385029617662897,0.006865912762520194,0.0006731287022078621,0.000942380183091007,0.005250403877221325,0.004173397953688745,0.0029617662897145933,0.0026925148088314485,0.009019924609585353,0.0036348949919224557,0.006327409800753904,0.005654281098546042,0.000942380183091007,0.0016155088852988692,0.0026925148088314485,0.005115778136779752,0.0024232633279483036,0.0010770059235325794,0.0008077544426494346,0.0008077544426494346,0.0005385029617662897,0.00498115239633818,0.0010770059235325794,0.0016155088852988692,0.0,0.0005385029617662897,0.00013462574044157243,0.0008077544426494346,0.00013462574044157243,0.00013462574044157243,193,12.45399696730529,724.9399481865283,62.55813953488372
06_30,06,30,3.11447046434317,71,14,8,18,7,1,2,12,7,49,18,34,2,17,3,6,0,123,72.65040650406505,24.162356433088146,9.029411764705882,0.5405466797910199,0.1235708336488226,0.08548497009161808,0.2185204815628076,0.322404785341107,0.25001892935564474,2.45,0.016910739191073918,0.1199442119944212,0.17451185495118549,0.2778940027894003,0.3974023709902371,0.8721132732641781,0.020595138941470432,0.007344589990156735,0.004088740819262512,0.003483001438631029,0.004997349890209737,0.0032558491708942227,0.001968652987052321,0.0034072840160520937,0.001665783296736579,0.0022715226773680625,7.57174225789354e-05,0.0011357613386840312,0.0006814568032104187,0.00022715226773680625,0.0008328916483682895,0.006284546074051639,0.0010600439161050957,0.0008328916483682895,0.0024986749451048687,0.005073067312788672,0.0031044143257363517,0.0024986749451048687,0.0024986749451048687,0.002044370409631256,0.0028772620579995455,0.0031044143257363517,0.0013629136064208375,0.002422957522525933,0.0037858711289467705,0.0007571742257893541,0.0021200878322101915,0.000908609070947225,0.0014386310289997727,0.0010600439161050957,0.006511698341788445,0.002195805254789127,0.0007571742257893541,0.0030286969031574165,0.0005300219580525479,0.0006057393806314833,0.00022715226773680625,0.0008328916483682895,0.0,0.00037858711289467706,406,12.343134468034393,799.9669950738916,68.89182058047493
06_31,06,31,2.09992457464158,371,146,154,360,108,5,36,135,45,505,108,26,29,213,42,22,14,1182,86.59644670050761,28.49259869665962,9.677454153182309,0.5451901346172743,0.11634076839933183,0.07491402181389407,0.2872162719858504,0.32821067112115554,0.1933182666797681,2.24,0.019919783100674448,0.1250756234735262,0.15476483900602747,0.24959107306908065,0.4388626229581662,0.795538960400904,0.03478431757885428,0.018217549376044022,0.010179817234941534,0.0032033015623464675,0.009216861550555174,0.0029085192099832955,0.0014739117618158594,0.0048540827355802296,0.0032033015623464675,0.002181389407487472,0.0010808686253316302,0.001965215682421146,0.0018866070551242999,0.0014935639186400707,0.0018079984278274541,0.004736169794634961,0.0005109560774294978,0.0004913039206052865,0.003144345091873833,0.005384690969833939,0.004834430578756019,0.002594084700795912,0.0013166945072221677,0.005404343126658151,0.004598604696865481,0.005325734499361305,0.0012184337231011103,0.007841210572860371,0.004932691362877076,0.0020438243097179913,0.004126952933084406,0.001120172938980053,0.0012577380367495333,0.0008057384297926697,0.007664341161442469,0.004009039992139137,0.0014935639186400707,0.005129212931119191,0.0008253905866168812,0.0005109560774294978,0.0002554780387147489,0.001120172938980053,0.0012380858799253217,0.0008057384297926697,2570,15.011576445180017,860.6267237354089,63.358227848101265
06_32,06,32,2.185434399935927,248,62,67,87,47,12,24,46,26,136,53,12,14,123,16,6,4,367,74.48773841961852,25.74059876696117,9.385416666666666,0.5435508698556534,0.11690046760187041,0.07917283843048416,0.2299090935494177,0.3366733466933868,0.237344253724841,2.31,0.018351055020040412,0.12030872171983173,0.17711749312663552,0.27526582530060617,0.3973632780151711,0.8647439807150533,0.020098167349191134,0.009148732247102902,0.0046179315152043215,0.002730097876913247,0.003688536493276408,0.0028172286602189886,0.0013069617495861288,0.0029624466323952253,0.0013940925328918706,0.0017716592605500857,0.0008713078330574191,0.0012779181551508816,0.0009874822107984085,0.0006389590775754408,0.001045569399668903,0.0028172286602189886,0.0002613923499172258,0.0002613923499172258,0.003572362115535419,0.004734105892945311,0.003688536493276408,0.0033981005489239348,0.001974964421596817,0.003136708199006709,0.003688536493276408,0.0034852313322296766,0.0011617437774098923,0.0024106183381255265,0.0035433185211001714,0.0008132206441869245,0.0022073131770787954,0.0009293950219279138,0.0011036565885393977,0.0005227846998344516,0.010978478696523481,0.0024106183381255265,0.0006680026720106881,0.003136708199006709,0.0002904359443524731,0.0012488745607156342,0.0014812233161976126,0.0009293950219279138,0.0028172286602189886,0.00023234875548197844,1129,13.570804470730733,864.0654915854738,67.6352380952381
07_33,07,33,2.7523641145239237,75,23,23,30,15,6,12,27,15,108,26,6,7,55,6,3,3,154,70.8896103896104,31.72334570191713,9.265625,0.5397917152405378,0.11012668065594156,0.08094349887308619,0.21687261988031398,0.34771119919173077,0.24434600139892748,2.38,0.0295735598292479,0.1543810236324429,0.21440830876204728,0.2765479910223122,0.31228270914932005,0.8645760472526618,0.017486593611564467,0.005479132664956867,0.003652755109971244,0.00423564156369006,0.002253827621046087,0.0032253050439107795,0.0023315458148752623,0.0026812776871065515,0.0008937592290355172,0.0015155047796689206,0.000660604647547991,0.0005440273568042279,0.0005828864537188156,0.00038859096914587707,0.00023315458148752622,0.003808191497629595,0.000660604647547991,0.0005051682598896401,0.0047796689204942875,0.006567187378565322,0.0068780601538820235,0.004119064272946297,0.0032641641408253674,0.003147586850081604,0.005051682598896401,0.004080205176031709,0.0017875184580710343,0.0011657729074376311,0.0025647003963627886,0.004119064272946297,0.0020206730395585606,0.0017486593611564468,0.0014766456827543328,0.0008160410352063418,0.00932618325950105,0.0047019507266651125,0.00038859096914587707,0.0011657729074376311,7.771819382917541e-05,0.0023315458148752623,0.00038859096914587707,0.0005440273568042279,0.0026812776871065515,7.771819382917541e-05,746,12.592155781669998,770.9424798927615,64.984375
07_34,07,34,3.3686381081927927,24,11,2,2,2,0,0,3,1,19,2,1,0,9,3,0,0,55,71.81818181818181,22.176717171717172,8.488372093023257,0.5312638580931264,0.11829268292682926,0.08514412416851441,0.21419068736141908,0.352549889135255,0.22982261640798227,2.37,0.03843226788432268,0.1936834094368341,0.24264332825976662,0.2519025875190259,0.2595129375951294,0.8593126385809312,0.014634146341463415,0.007206208425720621,0.002771618625277162,0.004767184035476719,0.00376940133037694,0.005543237250554324,0.0026607538802660754,0.0015521064301552106,0.0013303769401330377,0.0019955654101995565,0.002549889135254989,0.0012195121951219512,0.0007760532150776053,0.00022172949002217295,0.0003325942350332594,0.002328159645232816,0.0017738359201773836,0.0005543237250554324,0.0028824833702882483,0.004434589800443459,0.004988913525498891,0.004988913525498891,0.00598669623059867,0.003880266075388027,0.003436807095343681,0.004323725055432373,0.0015521064301552106,0.0014412416851441242,0.0005543237250554324,0.0021064301552106432,0.003991130820399113,0.00188470066518847,0.0005543237250554324,0.0004434589800443459,0.008647450110864745,0.008093126385809312,0.00022172949002217295,0.0013303769401330377,0.00022172949002217295,0.0008869179600886918,0.0006651884700665188,0.0007760532150776053,0.0005543237250554324,0.00022172949002217295,269,12.423628181218698,686.9587732342007,59.77459016393443
07_35,07,35,3.54907056955696,129,51,37,40,21,7,21,36,24,120,33,8,8,83,11,8,0,191,65.18324607329843,23.09844801795064,8.845679012345679,0.5330341014833871,0.12581422081121024,0.0858284525699272,0.21328479938693962,0.34949915156823036,0.2255733756636926,2.38,0.026106194690265486,0.16257901390644752,0.22471554993678888,0.28328065739570163,0.2895701643489254,0.8614866714105862,0.012151732442936122,0.0058842848541244734,0.0027095079095735947,0.0048716404838797965,0.0021621325743062018,0.003366358311894466,0.003366358311894466,0.0014779134052219608,0.0007389567026109804,0.0016421260058021787,0.001231594504351634,0.0005747441020307625,0.0008484317696644589,0.0003010564343970661,0.00041053150145054467,0.006486397722918606,0.0005747441020307625,0.0004926378017406536,0.005911653620887843,0.00840221139635448,0.006951666757895889,0.005911653620887843,0.0058842848541244734,0.0029010892769171823,0.0038589961136351195,0.0047895341835896875,0.0033937270786578355,0.0012589632711150036,0.0020252887404893535,0.004926378017406536,0.002080026274016093,0.0012042257375882643,0.001067381903771416,0.0013684383381684822,0.007225354425529585,0.003995839947451968,0.00043790026821391426,0.0012589632711150036,0.0002736876676336964,0.0018884449066725053,0.0019431824401992446,0.0006568504023208714,0.000383162734687175,5.473753352673928e-05,1061,12.28238423257657,736.9106409048068,63.55453618756371
07_36,07,36,4.19641671196039,4,8,4,1,0,1,3,16,1,14,3,0,0,7,2,1,0,22,85.77272727272727,29.237987012987013,8.733333333333333,0.5244941427050053,0.13982960596379126,0.09435569755058573,0.16240681576144836,0.3648562300319489,0.23855165069222578,2.54,0.022353384402863243,0.14667838754238352,0.22692452593243753,0.2835614718071079,0.3045334672861987,0.9423855165069223,0.005537806176783813,0.002981895633652822,0.001810436634717785,0.0026624068157614484,0.002129925452609159,0.0020234291799787005,0.002129925452609159,0.0011714589989350373,0.0007454739084132055,0.0003194888178913738,0.0003194888178913738,0.00021299254526091586,0.0008519701810436634,0.00010649627263045793,0.0,0.0017039403620873268,0.0004259850905218317,0.00010649627263045793,0.0034078807241746537,0.0013844515441959531,0.0011714589989350373,0.0038338658146964857,0.0022364217252396168,0.001490947816826411,0.0013844515441959531,0.001597444089456869,0.0006389776357827476,0.0005324813631522897,0.0005324813631522897,0.0011714589989350373,0.001490947816826411,0.0009584664536741214,0.0004259850905218317,0.00021299254526091586,0.001490947816826411,0.0007454739084132055,0.0004259850905218317,0.0008519701810436634,0.0,0.0004259850905218317,0.00021299254526091586,0.0005324813631522897,0.0,0.00010649627263045793,128,13.105167965557687,817.1015625,67.20661157024793
07_37,07,37,4.037026707579768,149,38,31,31,16,0,19,23,15,74,18,11,1,73,1,3,5,78,42.35897435897436,18.035073260073258,8.540983606557377,0.5219580153880252,0.13076655162587467,0.08963682994015768,0.20644017351106608,0.34597726625083114,0.2271791786720704,2.48,0.05784576913176185,0.2734895009745155,0.3135365719118891,0.2127753465965506,0.1238186297944324,0.8626159642845834,0.007377386568723681,0.0026913212804356773,0.0012665041319697306,0.0054143051641705985,0.0010448659088750276,0.00427445144539784,0.0033878985530190293,0.0014564797517651901,0.000601589462685622,0.0014248171484659469,0.0017731057847576227,0.00044327644618940567,0.0004116138428901624,0.0005382642560871354,0.00022163822309470284,0.008168951651204763,0.001203178925371244,0.000981540702276541,0.013076655162587467,0.00436943925529557,0.0059209068169584905,0.011113573758034385,0.007789000411613843,0.0014881423550644334,0.0030396099167273533,0.003926162809106164,0.0030396099167273533,0.0006965772725833518,0.0008865528923788113,0.003799512395909192,0.0012348415286704874,0.0011081911154735143,0.0010132033055757844,0.0026913212804356773,0.0054143051641705985,0.00911882975018206,0.000601589462685622,0.0008865528923788113,0.0002533008263939461,0.0026913212804356773,0.0031662603299243263,0.00015831301649621633,0.0002533008263939461,0.0,715,11.008784278183585,603.3393286713288,57.440298507462686
07_38,07,38,4.461740047748421,53,11,4,2,1,3,2,4,2,27,3,3,0,15,0,1,1,22,41.36363636363637,21.83030303030303,8.31578947368421,0.5171050369606326,0.1249785112600997,0.09360495100567302,0.2065497679216091,0.3567130823448513,0.2181536874677669,2.44,0.04775141467288792,0.24908170356398293,0.2912737019755783,0.23289983123200636,0.16400277970813065,0.864191163830153,0.009025270758122744,0.0027505587072374077,0.0006876396768093519,0.00421179302045728,0.0010314595152140279,0.0041258380608561115,0.0041258380608561115,0.0023207839092315627,0.00042977479800584495,0.0012033694344163659,0.0012033694344163659,0.0007735946364105209,0.00017190991920233798,0.00017190991920233798,0.00017190991920233798,0.006016847172081829,0.0013752793536187038,0.00017190991920233798,0.007993811242908716,0.0049853876568678014,0.006618531889290012,0.006102802131682998,0.007392126525700533,0.0029224686264397457,0.0046415678184631255,0.0037820182224514356,0.0039539281416537736,0.00017190991920233798,0.0022348289496303938,0.0036960632628502666,0.004039883101254942,0.0013752793536187038,0.0011174144748151969,0.0020629190304280558,0.0033522434244455906,0.009712910434932095,0.00025786487880350697,0.006532576929688843,0.00025786487880350697,0.0015471892728210418,0.0007735946364105209,8.595495960116899e-05,0.0010314595152140279,8.595495960116899e-05,301,11.175202559779532,648.898172757475,61.051094890510946
07_39,07,39,5.418521063074428,10,8,3,3,2,0,0,8,4,15,5,1,0,7,1,2,0,24,71.25,27.0625,8.882352941176471,0.533065557308851,0.11920814804188783,0.08937024817099412,0.18519581121790274,0.33682398508105005,0.2694018074881653,2.43,0.058881578947368424,0.22401315789473683,0.2644736842105263,0.2399671052631579,0.19572368421052633,0.86945918806484,0.007602926409410415,0.0034428346004877347,0.0020083201836178454,0.003586286042174724,0.003155931717113757,0.004303543250609668,0.004446994692296658,0.0015779658585568786,0.0007172572084349448,0.0012910629751829005,0.0007172572084349448,0.00014345144168698896,0.0,0.00043035432506096684,0.00028690288337397793,0.0074594749677234255,0.0007172572084349448,0.0005738057667479559,0.005307703342418591,0.0054511547841055805,0.012480275426768038,0.0054511547841055805,0.007746377851097404,0.0017214173002438674,0.007029120642662459,0.003155931717113757,0.002869028833739779,0.0017214173002438674,0.0014345144168698895,0.0037297374838617127,0.0024386745086788122,0.0010041600918089227,0.0014345144168698895,0.0010041600918089227,0.004733897575670635,0.002151771625304834,0.00014345144168698896,0.0018648687419308564,0.0,0.0017214173002438674,0.0,0.00043035432506096684,0.0007172572084349448,0.00014345144168698896,170,9.516336904626026,674.6676470588235,72.06172839506173
07_40,07,40,6.002974346094496,10,7,0,1,1,0,2,10,4,16,12,0,0,6,4,3,1,13,40.76923076923077,21.03846153846154,8.714285714285714,0.5528911235737768,0.11255076387545929,0.08102881454264166,0.1713401663121253,0.33011023012956875,0.304970025140205,2.42,0.06523171535251482,0.19657368767845376,0.23698660224028115,0.25016472655392047,0.2394025916977817,0.8860955327789596,0.008122220073486753,0.0015470895378070005,0.0017404757300328757,0.0058015857667762525,0.0005801585766776252,0.005414813382324502,0.0025140204989363758,0.0009669309611293754,0.0007735447689035003,0.0015470895378070005,0.0005801585766776252,0.00019338619222587506,0.00038677238445175013,0.00038677238445175013,0.00019338619222587506,0.004834654805646877,0.0011603171533552505,0.00038677238445175013,0.003094179075614001,0.006768516727905628,0.004061110036743376,0.0029007928833881262,0.006188358151228002,0.0025140204989363758,0.0025140204989363758,0.004447882421195127,0.0025140204989363758,0.0009669309611293754,0.0029007928833881262,0.0032875652678398763,0.011216399149100754,0.0005801585766776252,0.0017404757300328757,0.00038677238445175013,0.003094179075614001,0.0032875652678398763,0.00019338619222587506,0.002320634306710501,0.0,0.0009669309611293754,0.002707406691162251,0.00019338619222587506,0.0007735447689035003,0.0,141,12.517368894607756,724.7663829787234,64.65714285714286
07_41,07,41,5.154281030491898,8,3,2,0,0,0,2,8,3,13,3,3,0,4,8,2,2,7,41.142857142857146,23.357142857142858,9.0,0.5262430939226519,0.12344613259668508,0.08857044198895028,0.17144337016574585,0.35773480662983426,0.2588052486187845,2.46,0.0276177230280151,0.17544208225710312,0.21398768130339757,0.2676336181204053,0.29763560500695413,0.9084944751381215,0.007424033149171271,0.0025897790055248618,0.0010359116022099447,0.006215469613259668,0.0029350828729281767,0.007251381215469613,0.003107734806629834,0.001553867403314917,0.0003453038674033149,0.0005179558011049724,0.001899171270718232,0.0,0.0,0.0010359116022099447,0.0012085635359116022,0.002244475138121547,0.0,0.0005179558011049724,0.0012085635359116022,0.007251381215469613,0.007251381215469613,0.001553867403314917,0.0029350828729281767,0.0020718232044198894,0.003798342541436464,0.001553867403314917,0.0027624309392265192,0.0003453038674033149,0.0012085635359116022,0.001899171270718232,0.004143646408839779,0.0012085635359116022,0.00017265193370165745,0.0,0.0025897790055248618,0.0,0.00017265193370165745,0.0012085635359116022,0.00017265193370165745,0.0006906077348066298,0.0008632596685082873,0.0,0.0,0.00017265193370165745,76,12.160214214540861,828.9615789473685,72.94736842105263
07_42,07,42,4.863933654486414,0,1,0,0,0,0,0,1,0,1,0,0,0,0,0,1,1,1,360.0,90.0,,0.486088379705401,0.14238952536824878,0.0867430441898527,0.2995090016366612,0.32405891980360063,0.14729950900163666,2.31,0.04222648752399232,0.18042226487523993,0.2514395393474088,0.22264875239923224,0.28790786948176583,0.8936170212765957,0.006546644844517185,0.0,0.0,0.004909983633387889,0.0016366612111292963,0.0,0.0,0.0,0.0,0.0,0.0,0.0,0.0,0.0,0.0,0.0016366612111292963,0.0,0.0,0.0032733224222585926,0.006546644844517185,0.0,0.0032733224222585926,0.0016366612111292963,0.0016366612111292963,0.0016366612111292963,0.004909983633387889,0.0,0.0,0.0016366612111292963,0.0,0.0,0.0016366612111292963,0.006546644844517185,0.0,0.0,0.03927986906710311,0.0,0.0,0.0,0.014729950900163666,0.0,0.0,0.0,0.0,8,15.066465182564256,651.25,49.333333333333336
07_43,07,43,6.070450574227517,144,54,36,70,24,0,14,32,12,108,27,6,4,67,8,7,6,45,64.11111111111111,22.442962962962962,9.028571428571428,0.5305687469618218,0.12410724301686422,0.08518116890401227,0.18554388064166324,0.35171820663351155,0.2534495008039487,2.53,0.043917169974115614,0.21721311475409835,0.23774805867126833,0.2619499568593615,0.22601380500431406,0.8924578394346184,0.006768126238641888,0.002243577758665819,0.0012339677672662005,0.007216841790375052,0.0013087536925550612,0.0027296862730434132,0.002804472198332274,0.0011591818419773399,0.0003365366637998729,0.0011217888793329095,0.0006356803649553154,0.0004113225890887335,0.0001869648132221516,0.0002617507385110122,0.0,0.007515985491530494,0.0005608944396664548,0.0005235014770220244,0.005571551434020118,0.0038140821897318924,0.004300190704109487,0.003664510339154171,0.0067307332759974576,0.0012339677672662005,0.0019444340575103765,0.001981827020154807,0.0074785925288860635,0.000822645178177467,0.001533111468421643,0.001420932580488352,0.0017200762816437947,0.0012339677672662005,0.0007852522155330367,0.0010096099913996185,0.0046741203305537896,0.003664510339154171,0.0032531877500654375,0.0008974311034663276,0.0001869648132221516,0.002467935534532401,0.001645290356354934,0.0003739296264443032,0.0004113225890887335,3.739296264443032e-05,582,11.653300619942517,698.3742783505154,64.07706422018349
08_44,08,44,4.635327863038396,91,37,46,42,25,11,14,42,21,118,38,11,8,98,9,3,0,50,47.62,21.662999999999997,8.878048780487806,0.5398157545475837,0.12054024514013584,0.08736044968381607,0.18799281755016004,0.3555703021313139,0.24853618549457412,2.44,0.039414162225108615,0.2090294262552067,0.26058135889282036,0.2611636135620549,0.2159269046446007,0.8686860800999298,0.0070653446795222105,0.002224998048247326,0.0008587711765165118,0.00359122491997814,0.0010929814973846515,0.0033179795456319775,0.0031228042782418613,0.0014442969786868608,0.0004684206417362792,0.0006245608556483723,0.0016004371925989538,0.0004684206417362792,0.0002732453743461629,0.0,0.0001171051604340698,0.004137715668670466,0.0002732453743461629,0.0004293855882582559,0.01229604184557733,0.0062456085564837225,0.006714029198220002,0.008353501444296979,0.00741666016082442,0.0017565774065110469,0.002810523850417675,0.0026934186899836053,0.0063236786634397685,0.0008197361230384885,0.0008197361230384885,0.0040596455617144195,0.0014052619252088376,0.001639472246076977,0.00031228042782418614,0.0018736825669451167,0.014013584198610353,0.006401748770395815,0.0005464907486923258,0.000897806229994535,0.0001171051604340698,0.00359122491997814,0.0040596455617144195,0.00015614021391209307,0.0,7.807010695604653e-05,585,11.369035105860624,714.8333162393161,66.06181818181818
08_45,08,45,5.370533379502414,94,31,33,57,23,4,7,31,14,105,19,6,2,74,10,6,2,48,37.4375,18.149305555555554,9.027027027027026,0.5344565998562645,0.12564880619659827,0.08192925017966941,0.19699752455481914,0.34260959833905613,0.25281482072985706,2.46,0.052699406268697936,0.2567312560408708,0.2710452432457311,0.24043816449578864,0.16546232797901228,0.8501157869520083,0.004950890361734408,0.0015172083366605446,0.0005988980276291624,0.004950890361734408,0.0009183103090313823,0.003593388165774974,0.0036333147009502517,0.001397428731134712,0.0006388245628044398,0.0009183103090313823,0.0006388245628044398,0.00011977960552583247,0.00027948574622694243,0.00015970614070110996,0.00011977960552583247,0.010380899145572147,0.0008783837738561048,0.0011578695200830471,0.009782001117942985,0.007426335542601613,0.007745747824003833,0.008145013175756608,0.012017887087758524,0.0029146370677952567,0.002994490138145812,0.0023157390401660942,0.007027070190848838,0.0003593388165774974,0.0006787510979797173,0.0044318454044558015,0.001397428731134712,0.0019963267587638743,0.0005589714924538849,0.001716841012536932,0.009941707258644095,0.0063882456280443985,0.0010380899145572148,0.002116106364289707,0.0006787510979797173,0.005070669967260241,0.008184939710931885,0.00015970614070110996,0.0003593388165774974,3.992653517527749e-05,557,10.797815020069994,662.0441292639138,63.15213358070501
08_46,08,46,5.036069985349431,124,22,10,32,5,0,9,10,4,52,13,1,0,41,3,5,2,25,53.28,26.32,8.894736842105264,0.5374048755320521,0.13310976396233715,0.09564039726557462,0.2042435186379466,0.33896556171804465,0.228040758416097,2.51,0.061537305582688405,0.27372454729882034,0.27868359756555716,0.23119693440528966,0.13772635058982644,0.7913710821617438,0.003933961047336515,0.0016767702824713015,0.000773893976525216,0.005094802012124339,0.0007094028118147813,0.002386173094286083,0.003740487553205211,0.0008383851412356508,0.000386946988262608,0.00025796465884173866,0.0004514381529730427,0.00025796465884173866,0.000193473494131304,0.00032245582355217337,0.0,0.011672900812588675,0.0022571907648652133,0.000773893976525216,0.03837224300270863,0.00786792209467303,0.008319360247646072,0.013478653424480846,0.007287501612279118,0.003289049400232168,0.0020637172707339093,0.003547014059073907,0.02224945182509996,0.0006449116471043467,0.000193473494131304,0.005417257835676512,0.0017412614471817361,0.001354314458919128,0.000386946988262608,0.002321681929575648,0.008125886753514769,0.022894363472204308,6.449116471043467e-05,0.0016122791177608667,0.0,0.009286727718302593,0.005868695988649555,6.449116471043467e-05,0.0,0.0,349,10.585956104108476,615.500429799427,59.991279069767444
08_47,08,47,5.32654179281214,1,2,0,0,0,0,0,3,0,2,2,0,0,0,0,1,2,2,19.5,14.25,9.0,0.5270935960591133,0.1330049261083744,0.1038961038961039,0.1800268696820421,0.3528884908195253,0.23018360949395433,2.42,0.056338028169014086,0.33229003651538863,0.31820552947313513,0.1752738654147105,0.08868022952529994,0.9207344379758173,0.004030452306314375,0.0008956560680698612,0.0004478280340349306,0.0026869682042095834,0.0004478280340349306,0.0017913121361397223,0.0017913121361397223,0.0008956560680698612,0.0,0.0008956560680698612,0.0,0.0008956560680698612,0.0004478280340349306,0.0,0.0,0.014330497089117778,0.0004478280340349306,0.0,0.0013434841021047917,0.004030452306314375,0.0017913121361397223,0.0044782803403493054,0.0017913121361397223,0.0026869682042095834,0.0008956560680698612,0.0013434841021047917,0.0044782803403493054,0.0008956560680698612,0.0,0.0,0.004030452306314375,0.0013434841021047917,0.0008956560680698612,0.0004478280340349306,0.003134796238244514,0.0017913121361397223,0.0008956560680698612,0.0035826242722794446,0.0,0.0013434841021047917,0.0017913121361397223,0.0,0.0,0.0,14,11.17761703005277,417.8442857142857,48.714285714285715
08_48,08,48,5.760097199646394,57,16,5,10,7,2,2,18,7,44,19,4,1,24,3,4,14,8,31.625,15.71875,8.857142857142858,0.5375483701711812,0.12684462517216502,0.08322948776808553,0.16501606873483307,0.33868957827769397,0.2862202400472224,2.46,0.04786790880860411,0.2385064000605923,0.2774369461486026,0.24751950314322502,0.1735969097932288,0.9204433659080475,0.005312520495835246,0.0010493867646094314,0.0005902800550928051,0.004591067095166262,0.000852626746245163,0.0018364268380665048,0.004394307076801994,0.0004591067095166262,0.0006558667278808946,0.0012461467829736998,0.0003935200367285368,0.0003935200367285368,0.0001967600183642684,6.558667278808946e-05,6.558667278808946e-05,0.0031481602938282943,0.00013117334557617892,0.00026234669115235784,0.0032137469666163837,0.003279333639404473,0.0036728536761330096,0.004131960385649636,0.0067554272971732145,0.0017708401652784154,0.0015084934741260575,0.0024922935659473996,0.0020331868564307733,0.0004591067095166262,0.000983800091821342,0.0032137469666163837,0.0004591067095166262,0.0010493867646094314,0.0004591067095166262,0.00013117334557617892,0.005378107168623336,0.0026234669115235785,0.000852626746245163,0.0003279333639404473,6.558667278808946e-05,0.0011805601101856102,0.0030825736210402044,0.0001967600183642684,0.0,0.0,287,9.377243792194715,650.0528919860628,68.97508896797153
08_49,08,49,6.474671426876208,34,9,1,2,0,1,1,5,3,18,1,1,0,7,1,3,0,7,35.42857142857143,15.323809523809524,8.8,0.5217834766137258,0.11409004808392831,0.08451114672883579,0.16479673612122978,0.3718490456068775,0.26475302345912866,2.45,0.05130333720737174,0.30532956998173666,0.31927610825170183,0.19027062925452431,0.11406275942221485,0.9558502112778668,0.002768468599737724,0.0002914177473408131,0.0,0.0026227597260673175,0.00014570887367040654,0.0018942153577152848,0.0026227597260673175,0.0007285443683520326,0.0,0.0002914177473408131,0.0,0.0,0.0,0.0,0.0,0.002477050852396911,0.0002914177473408131,0.0013113798630336587,0.0008742532420224392,0.0007285443683520326,0.0018942153577152848,0.002185633105056098,0.003642721841760163,0.0010199621156928456,0.0004371266210112196,0.0017485064840448783,0.0008742532420224392,0.0,0.0004371266210112196,0.0020399242313856912,0.0005828354946816261,0.0005828354946816261,0.0002914177473408131,0.0014570887367040652,0.0010199621156928456,0.0013113798630336587,0.00014570887367040654,0.00014570887367040654,0.00014570887367040654,0.0017485064840448783,0.00014570887367040654,0.0,0.0,0.0,47,8.6017603623803,680.563829787234,79.91304347826087
08_50,08,50,6.799545438714683,99,16,8,8,3,0,3,8,8,43,6,7,0,24,2,2,0,16,42.375,20.541666666666668,8.666666666666666,0.5178936605316974,0.14966768916155418,0.10352760736196319,0.22533231083844582,0.33806237218813906,0.18341002044989774,2.65,0.053980080589979475,0.3311791986619022,0.32973466129400136,0.17889454877214322,0.08773663802934692,0.7935838445807771,0.005176380368098159,0.0017254601226993865,0.0005751533742331289,0.012014314928425357,0.0002556237218813906,0.004792944785276074,0.005879345603271984,0.001469836400817996,0.00019171779141104295,0.0016615541922290389,0.0014059304703476483,0.00019171779141104295,0.0,0.0,6.390593047034765e-05,0.01572085889570552,0.0005112474437627812,0.00031952965235173826,0.005751533742331288,0.004984662576687116,0.0048568507157464216,0.01629601226993865,0.05272239263803681,0.0028118609406952966,0.002492331288343558,0.0014059304703476483,0.005176380368098159,0.00031952965235173826,0.0005112474437627812,0.0035148261758691205,0.001469836400817996,0.0007668711656441718,0.0013420245398773007,0.001278118609406953,0.007029652351738241,0.017574130879345604,0.0007668711656441718,0.005112474437627812,0.00019171779141104295,0.0018532719836400818,0.0026201431492842535,0.00019171779141104295,0.00031952965235173826,0.0,285,10.172547119022875,533.3856842105263,55.8639705882353
08_51,08,51,6.208596551571231,57,21,32,39,7,1,7,15,12,50,9,8,0,41,2,5,1,23,30.08695652173913,18.804347826086957,8.846153846153847,0.5347671410090556,0.13122574385510996,0.09087968952134541,0.20965394566623544,0.33877749029754206,0.22946313065976714,2.44,0.05924326354332927,0.29969016993709513,0.31245892404469067,0.20092010139892968,0.1105999436672613,0.8133085381630013,0.006225743855109961,0.002021345407503234,0.0008085381630012937,0.004204398447606727,0.0004851228978007762,0.0035575679172056922,0.004608667529107374,0.0012128072445019404,0.0003234152652005175,0.0002425614489003881,0.0016979301423027168,8.085381630012937e-05,0.0004851228978007762,8.085381630012937e-05,0.0,0.009217335058214747,0.0016170763260025874,0.0004851228978007762,0.011157826649417852,0.004042690815006468,0.00646830530401035,0.01140038809831824,0.04495472186287193,0.002183053040103493,0.002183053040103493,0.0019404915912031048,0.01010672703751617,8.085381630012937e-05,0.0009702457956015524,0.004123544631306598,0.0021021992238033633,0.0014553686934023287,0.0007276843467011643,0.0012128072445019404,0.01034928848641656,0.010430142302716688,0.00129366106080207,0.0034767141009055627,8.085381630012937e-05,0.0018596377749029755,0.00638745148771022,0.0,0.0,0.0,241,11.086088326452812,591.6595020746888,56.1528384279476
08_52,08,52,6.266445714759911,105,34,32,36,18,2,13,21,15,131,23,10,2,93,9,7,0,30,44.9,18.202777777777776,8.277777777777779,0.5305704977649822,0.1261838018031669,0.08970376543677551,0.19493901053110085,0.33256307296007276,0.256610349268884,2.47,0.06478725267028541,0.2836631062861145,0.30331815794081596,0.2147609875678515,0.11657327963579057,0.8532085764073036,0.003485112508523373,0.0010985680733388893,0.0006439881809227972,0.004697325554966285,0.0009470414425335253,0.0020077278581710736,0.003144177589211304,0.0006818698386241382,0.0004166982347147511,0.0003788165770134101,0.0008712781271308432,7.576331540268203e-05,7.576331540268203e-05,0.00011364497310402303,0.00015152663080536405,0.006553526782331995,0.0006439881809227972,0.0007197514963254792,0.009091597848321843,0.005076142131979695,0.005189787105083718,0.010606864156375483,0.021289491628153648,0.004015455716342147,0.0020456095158724145,0.0022350178043791195,0.005114023789681036,0.0003030532616107281,0.0008333964694295022,0.0023107811197818017,0.0014395029926509584,0.0014773846503522993,0.0012879763618455944,0.0017425562542616865,0.013751041745586787,0.0067429350708387,0.0007955148117281612,0.003144177589211304,0.0006061065232214562,0.003068414273808622,0.008106674748086976,0.00015152663080536405,0.0,3.788165770134101e-05,487,11.26429756446313,628.1126488706366,58.75157894736842
08_53,08,53,7.1786677847458105,26,6,0,1,1,0,0,4,1,11,4,0,0,5,0,2,4,11,30.90909090909091,15.181818181818182,7.714285714285714,0.5244120478613671,0.14578462384816393,0.10204923669371475,0.20671159400357586,0.3581350570760556,0.18731948837848988,2.54,0.06405867970660147,0.3235533822330888,0.3460472697636512,0.1700081499592502,0.07465362673186635,0.8125429789575024,0.0035758492642002475,0.0005501306560308073,0.0006876633200385092,0.005776371888323477,0.000825195984046211,0.006188969880346582,0.006601567872369688,0.0012377939760693166,0.00027506532801540364,0.0004125979920231055,0.0,0.0,0.00027506532801540364,0.0,0.0,0.017054050336955028,0.0017879246321001237,0.001650391968092422,0.005638839224315775,0.004401045248246458,0.004951175904277266,0.011690276440654656,0.020079768945124466,0.0020629899601155273,0.0019254572961078255,0.0009627286480539128,0.007564296520423601,0.0,0.00013753266400770182,0.0034383166001925457,0.0006876633200385092,0.0009627286480539128,0.0019254572961078255,0.0019254572961078255,0.004951175904277266,0.023655618209324714,0.0,0.008802090496492916,0.0,0.003300783936184844,0.0149910603768395,0.0,0.0,0.0,121,10.652752656544791,541.4829752066115,53.19834710743802
08_54,08,54,7.542797902569767,4,0,0,0,0,0,0,3,0,4,3,0,0,0,0,2,3,7,38.42857142857143,20.904761904761905,8.8,0.5050717033927947,0.18572927597061908,0.12277019937040923,0.21580972367960827,0.34767401189227004,0.12801678908709338,3.04,0.043706293706293704,0.36844405594405594,0.3186188811188811,0.145979020979021,0.08653846153846154,0.8251136761105281,0.005246589716684155,0.0003497726477789437,0.0003497726477789437,0.005246589716684155,0.0006995452955578874,0.0027981811822315496,0.002448408534452606,0.005246589716684155,0.0003497726477789437,0.002098635886673662,0.002098635886673662,0.0003497726477789437,0.0003497726477789437,0.0,0.0,0.040923399790136414,0.0027981811822315496,0.003497726477789437,0.012591815320041973,0.005246589716684155,0.005596362364463099,0.008744316194473592,0.011542497376705142,0.0038474991255683807,0.004197271773347324,0.0017488632388947185,0.003497726477789437,0.001049317943336831,0.001049317943336831,0.004547044421126268,0.0013990905911157748,0.0013990905911157748,0.0006995452955578874,0.0006995452955578874,0.001049317943336831,0.008744316194473592,0.0017488632388947185,0.0,0.0013990905911157748,0.0,0.001049317943336831,0.0,0.0,0.0,30,6.782010885388813,425.638,66.35714285714286
08_55,08,55,8.259515417387211,30,7,3,5,3,0,1,6,8,18,3,2,1,12,3,3,3,11,50.63636363636363,25.272727272727273,8.222222222222221,0.5079564085254122,0.16375735365030378,0.11534381328961327,0.21516057479024014,0.3245250265213617,0.18121323174848106,2.87,0.0409213141587747,0.37600841809891267,0.3343855956974161,0.1622822401496551,0.06535718461358588,0.7154981193943485,0.0025074742019481145,0.00038576526183817147,0.0005786478927572572,0.007425981290384801,0.00038576526183817147,0.005786478927572572,0.005207831034815315,0.0011572957855145144,0.0010608544700549715,0.002218150255569486,0.0007715305236763429,9.644131545954287e-05,0.0,0.00019288263091908573,0.0,0.033368695149001835,0.0008679718391358858,0.0011572957855145144,0.0061722441894107435,0.0054971549811939436,0.005979361558491658,0.026328479120455203,0.04735268589063555,0.0027967981483267433,0.0016395023628122288,0.0020252676246504003,0.019674028353746747,0.0,0.00048220657729771435,0.0026039155174076576,0.0006750892082168001,0.0005786478927572572,0.0002893239463786286,0.0007715305236763429,0.004146976564760344,0.04368791590317292,0.0010608544700549715,0.003568328672003086,0.0002893239463786286,0.0023145915710290287,0.002893239463786286,0.00019288263091908573,0.0002893239463786286,0.0,127,7.589143974004675,435.3569291338583,58.528
08_56,08,56,8.58014458308257,4,2,0,0,0,0,0,1,0,2,0,0,0,1,1,0,2,3,60.0,15.714285714285714,7.0,0.508339376359681,0.1885424220449601,0.09427121102248005,0.20812182741116753,0.33792603335750543,0.17113850616388687,2.89,0.05701357466063348,0.3665158371040724,0.3411764705882353,0.12760180995475112,0.08597285067873303,0.8759970993473531,0.0014503263234227702,0.0029006526468455403,0.0007251631617113851,0.0007251631617113851,0.0007251631617113851,0.002175489485134155,0.0036258158085569255,0.00435097897026831,0.0007251631617113851,0.0029006526468455403,0.002175489485134155,0.0,0.0014503263234227702,0.0,0.0,0.01885424220449601,0.002175489485134155,0.0007251631617113851,0.007976794778825236,0.005076142131979695,0.0029006526468455403,0.002175489485134155,0.005801305293691081,0.002175489485134155,0.0007251631617113851,0.0,0.002175489485134155,0.0007251631617113851,0.0,0.0007251631617113851,0.0,0.00435097897026831,0.0,0.0,0.010877447425670777,0.025380710659898477,0.0,0.0007251631617113851,0.0,0.0,0.0,0.0,0.0,0.0,16,6.048871236597235,476.43437500000005,81.4
09_57,09,57,7.437964533074505,27,11,1,3,2,0,2,8,3,31,2,4,0,14,4,3,1,7,50.0,25.88571428571429,7.5,0.4844093543873676,0.16660003997601439,0.10773535878472916,0.22966220267839296,0.3387967219668199,0.15720567659404358,2.87,0.04152542372881356,0.3447941888619855,0.31924939467312347,0.18002421307506053,0.0937046004842615,0.7200679592244653,0.005496701978812712,0.0008994603238057165,0.0001998800719568259,0.013591844893064161,0.0005996402158704777,0.0036977813312012793,0.003597841295222866,0.0005996402158704777,0.0007995202878273036,0.0001998800719568259,0.0009994003597841295,9.994003597841295e-05,0.0007995202878273036,0.0,0.0001998800719568259,0.048870677593443934,0.004797121726963821,0.0015990405756546072,0.0058964621227263645,0.005796522086747951,0.00949430341794923,0.01629022586448131,0.009594243453927643,0.0034979012592444535,0.0011992804317409553,0.002298620827503498,0.007395562662402559,0.00029982010793523883,0.0003997601439136518,0.002598440935438737,0.0009994003597841295,0.0008994603238057165,0.0015990405756546072,0.0016989806116330202,0.006596042374575255,0.07935238856685989,0.0009994003597841295,0.008394963022186688,0.0004997001798920647,0.004197481511093344,0.0023985608634819106,0.0,0.0,0.0,174,9.161313642350953,497.5959770114944,57.84756097560975
09_58,09,58,6.969633718814605,5,2,1,0,0,0,0,4,0,6,1,0,0,0,3,2,0,1,90.0,30.0,,0.5143757384797164,0.17053958251280033,0.11421819614021268,0.2032296179598267,0.3517132729421032,0.16029933044505712,2.62,0.0476878612716763,0.3554913294797688,0.36560693641618497,0.14691714836223507,0.05828516377649326,0.8849940921622687,0.0015754233950374162,0.0,0.0007877116975187081,0.006301693580149665,0.0007877116975187081,0.0070894052776683735,0.0023631350925561244,0.0019692792437967705,0.0007877116975187081,0.00039385584875935406,0.0007877116975187081,0.0,0.0,0.0,0.00039385584875935406,0.024419062623079954,0.0145726664040961,0.0,0.005120126033871603,0.0023631350925561244,0.009058684521465145,0.004332414336352895,0.0035447026388341868,0.0023631350925561244,0.0015754233950374162,0.0015754233950374162,0.0023631350925561244,0.00039385584875935406,0.0,0.0015754233950374162,0.0,0.0007877116975187081,0.00039385584875935406,0.0,0.0031508467900748325,0.0035447026388341868,0.0,0.0019692792437967705,0.0,0.0031508467900748325,0.0015754233950374162,0.0,0.0,0.0,11,6.210010197104395,458.3736363636363,72.9090909090909
09_59,09,59,6.155983032256112,57,35,33,96,19,26,3,8,8,102,3,6,1,24,4,3,3,14,37.714285714285715,22.267857142857142,8.0,0.5023048799872835,0.1783500238435861,0.0897313622635511,0.19074868860276586,0.36274042282625973,0.17842950246383724,2.82,0.03962818003913894,0.29207436399217224,0.3175146771037182,0.20313111545988258,0.12788649706457925,0.8682244476235893,0.0031791448100460975,0.0010332220632649817,0.0002384358607534573,0.006676204101096805,0.0011921793037672865,0.0027022730885391828,0.003973931012557622,0.002543315848036878,7.947862025115244e-05,0.0008742648227626768,0.0010332220632649817,7.947862025115244e-05,0.00031791448100460976,0.00015895724050230488,0.00015895724050230488,0.01239866475917978,0.001430615164520744,0.0007947862025115244,0.010014306151645207,0.004848195835320299,0.00357653791130186,0.007391511683357177,0.008027340645366397,0.0019074868860276585,0.0017485296455253536,0.0017485296455253536,0.0022254013670322684,0.0002384358607534573,0.0004768717215069146,0.0015100937847718965,0.00031791448100460976,0.0007947862025115244,0.0007947862025115244,0.0011127006835161342,0.00715307582260372,0.016452074391988557,0.0006358289620092195,0.005007153075822604,0.0005563503417580671,0.0013511365442695914,0.004530281354315689,0.00031791448100460976,7.947862025115244e-05,0.0,167,9.51793448325227,627.4538922155689,67.35185185185185
09_60,09,60,5.802195878232186,211,81,64,112,45,6,31,93,37,243,86,12,4,155,20,5,12,66,55.57575757575758,21.785497835497836,9.09433962264151,0.5284937874630831,0.13519039547035283,0.0822746098596718,0.1960575293151355,0.36754451881236566,0.21893294654247417,2.43,0.027533421777732422,0.1926523114603531,0.24859679559138687,0.27610980712317584,0.2405143381977753,0.9232825961588872,0.005854289359173759,0.0017999755343131257,0.0011009559093371547,0.0025339461405378956,0.0008912500218443632,0.0018349265155619245,0.0023417157436695034,0.0008562990405955647,0.000436887265609982,0.00040193628436118345,0.0006990196249759712,0.0001747549062439928,0.00020970588749279136,0.00010485294374639568,0.00010485294374639568,0.0041591667686070284,0.0006990196249759712,0.0004718382468587806,0.0033028677280114637,0.003617426559250651,0.00387955891861664,0.003128112821767471,0.0034077206717578598,0.0018349265155619245,0.002691225556157489,0.0014854167030739387,0.00193977945930832,0.0005766911906051762,0.0006990196249759712,0.0013630882687031439,0.0009786274749663598,0.0011359068905859532,0.0006640686437271727,0.0003495098124879856,0.007427083515369694,0.0037048040123726475,0.00029708334061478775,0.0008038725687223669,0.00020970588749279136,0.0017300735718155287,0.0006116421718539748,0.0002796078499903885,0.00010485294374639568,6.990196249759712e-05,1126,12.33028567546414,733.9369982238011,64.27377521613833
09_61,09,61,4.368371125846377,124,33,31,22,10,3,10,35,15,108,22,4,3,48,5,6,4,78,52.82051282051282,20.938064713064716,8.824561403508772,0.5320174985360476,0.12052633391891426,0.08366918122007509,0.20925906789294202,0.35162412593434605,0.23492129103372258,2.47,0.029163378058405683,0.2,0.25548539857932123,0.2711917916337806,0.23066298342541436,0.8762013020564224,0.008060349281802211,0.0024801074713237574,0.0012400537356618787,0.0045124177603251695,0.001171161861458441,0.003961282766697668,0.002962350590747821,0.0010678240501532845,0.0007922565533395336,0.0009644862388481279,0.0012400537356618787,0.00010333781130515655,0.00037890530811890736,0.0003444593710171885,0.0005166890565257828,0.004133512452206263,0.0005166890565257828,0.000688918742034377,0.005890255244393924,0.00599359305569908,0.009231511143260653,0.006889187420343771,0.005683579621783611,0.0014467293582721918,0.003341255898866729,0.0024801074713237574,0.004925769005545796,0.000688918742034377,0.0012056077985601599,0.002342323722916882,0.0015156212324756294,0.0011022699872550033,0.000930040301746409,0.000930040301746409,0.016086252626502703,0.003237918087561572,0.0009989321759498466,0.0011022699872550033,0.00013778374840687542,0.0031001343391546966,0.0020667562261031313,0.0005855809307292205,0.00013778374840687542,3.4445937101718855e-05,669,10.83552707468087,667.5553662182359,62.70031055900621
09_62,09,62,4.2726837494069,45,20,22,16,9,2,14,30,9,85,22,3,0,41,5,4,0,44,48.63636363636363,21.323863636363633,8.86111111111111,0.5414751432006223,0.12446078778021356,0.08995120571388163,0.19744006788770244,0.35478396153030195,0.23336397708790044,2.39,0.03600293901542983,0.1849130541268675,0.24540778839088906,0.27643072903910526,0.24108090456363784,0.8678311293402164,0.008910260943356198,0.00268722155434552,0.0015557598472526696,0.006859486599250407,0.0019093416307191854,0.004667279541758009,0.0031822360511986423,0.0012021780637861538,0.00042429814015981895,0.0008485962803196379,0.0020507743441057916,0.0003535817834665158,0.0002828654267732126,0.0003535817834665158,7.071635669330315e-05,0.006081606675624072,0.00042429814015981895,0.0005657308535464252,0.008485962803196379,0.00558659217877095,0.006718053885863801,0.005515875822077646,0.005091577681917828,0.0014143271338660631,0.0036772505480517645,0.0024750724842656107,0.0034651014779718547,0.0005657308535464252,0.0009900289937062442,0.00516229403861113,0.0009900289937062442,0.0018386252740258823,0.0003535817834665158,0.0007778799236263348,0.014921151262286967,0.0032529524078919454,0.0001414327133866063,0.0011314617070928505,0.00134361077717276,0.006081606675624072,0.0024750724842656107,0.0003535817834665158,0.0,7.071635669330315e-05,309,11.370928373520428,730.8398705501619,67.41156462585035
09_63,09,63,3.6918176761601447,70,22,42,25,16,7,12,14,6,96,15,11,3,54,3,2,1,85,49.258823529411764,19.528753501400562,9.119402985074627,0.5319110549817329,0.11803707545893284,0.08727617157548148,0.1994948355960489,0.3552839294573993,0.23990798791213747,2.46,0.02720280803179683,0.18598048830847055,0.24420585350745883,0.2789449233469261,0.249832240747432,0.8577420955301971,0.010013080149745163,0.0032023814893329125,0.0015786387623472104,0.005953723332280908,0.0015786387623472104,0.0034730052771638625,0.003608317171079338,0.001804158585539669,0.0006765594695773759,0.0015335347977087186,0.000811871363492851,0.0003157277524694421,0.0004059356817464255,9.020792927698345e-05,0.0003608317171079338,0.005051644039511073,0.000496143611023409,0.0016688466916241938,0.008795273104505886,0.005502683685895991,0.010328807902214604,0.004600604393126156,0.0035181092418023543,0.002480718055117045,0.003247485453971404,0.0026611339136710117,0.005683099544449957,0.0009471832574083262,0.000992287222046818,0.0023454061612015694,0.0020747823733706194,0.0018943665148166524,0.0013982229037932433,0.0006314555049388842,0.022912814036353795,0.0033376933832483875,0.0009020792927698345,0.001488430833070227,9.020792927698345e-05,0.001984574444093636,0.0022100942672860944,0.000992287222046818,4.510396463849172e-05,0.00013531189391547516,526,11.465544277470096,777.6361596958175,71.33333333333333
10_64,10,64,2.965955403082377,152,64,50,63,28,7,22,37,23,204,42,8,8,133,8,5,3,310,72.58709677419355,24.222277265745007,8.975903614457831,0.5323812254046024,0.10927523390060202,0.0801125850251492,0.23382241797190587,0.3448177008678429,0.2319720622345,2.35,0.02537726951190757,0.17339660457439282,0.22594906861589248,0.2673897665644895,0.2946533836359349,0.8346407443121107,0.01717442860493602,0.006932318678168408,0.003987386307367544,0.0037528341716400408,0.003622527429569206,0.00367465012639754,0.0028406869771441974,0.002423705402517526,0.0014333741627791821,0.0017721716921633526,0.0008600244976675093,0.0007557791040108415,0.0009642698913241771,0.0006775950587683407,0.0007557791040108415,0.00862630632508926,0.0009382085429100102,0.0006515337103541737,0.008339631492533424,0.007036564071825077,0.008756613067160095,0.005290453728075891,0.002944932370800865,0.0033358525970133696,0.00555106721221756,0.004326183836751714,0.004951656198691721,0.0012248833754658465,0.002110969221547523,0.0018503557374058533,0.0029188710223866984,0.0019024784342341872,0.001563680904850017,0.00039092022621250425,0.016288342758854345,0.006098355528915066,0.0016158036016783509,0.0013291287691225143,0.0009642698913241771,0.001511558208021683,0.0012248833754658465,0.0007297177555966746,0.0007818404524250085,0.00013030674207083475,1239,12.95227410092702,778.1369168684422,63.63253012048193
10_65,10,65,3.032752937312814,134,38,36,38,20,9,16,37,14,135,14,7,1,66,10,4,2,158,65.9620253164557,26.427072031344178,9.087591240875913,0.5215401085311381,0.12610284617372367,0.09343275868433681,0.2131492487725645,0.3716268596109122,0.19568828675846284,2.51,0.024830410853705364,0.18170570416826656,0.24651222321771407,0.2701907077947011,0.26088996970860534,0.8555502233378862,0.014286241647901363,0.005906456495256377,0.002916312894532836,0.00531581084573074,0.0023256672450071986,0.0036915353095352357,0.0031378050131049503,0.0036546199564398835,0.0008490531211931042,0.0017350215954815608,0.001144375945955923,0.0008859684742884566,0.00062756100262099,0.00011074605928605707,0.0002584074716674665,0.010779283103842888,0.0006644763557163424,0.000516814943334933,0.004762080549300454,0.004688249843109749,0.004651334490014397,0.004060688840488759,0.004023773487393407,0.00391302742810735,0.004097604193584112,0.0033223817785817122,0.00265790542286537,0.001328952711432685,0.0022149211857211415,0.002768651482151427,0.002768651482151427,0.0007752224150023995,0.001033629886669866,7.383070619070471e-05,0.016981062423862086,0.00516814943334933,0.0007383070619070471,0.0011812912990512754,0.0006644763557163424,0.002584074716674665,0.0012182066521466278,0.000516814943334933,0.00011074605928605707,7.383070619070471e-05,672,12.445475638093264,767.508199404762,66.1213063763608
10_66,10,66,2.1220762473597716,48,29,22,54,10,9,4,26,7,169,8,5,8,20,6,5,10,287,80.01045296167247,28.18978762236602,9.24892703862661,0.5163114969744804,0.12490134175217048,0.08767429623783216,0.2560510392002105,0.34589581689029203,0.18547750591949486,2.47,0.02156803390343575,0.1598304828212502,0.20190706826093538,0.2610867261994854,0.3428182230967156,0.7830833991054985,0.03058405682715075,0.012957116548276769,0.007037621678505656,0.004735595895816891,0.006182583530649829,0.00677453301762694,0.0032228360957642726,0.0030912917653249145,0.0030255196001052354,0.0032886082609839516,0.0033543804262036307,0.002170481452249408,0.0013812154696132596,0.0015785319652722968,0.0011838989739542227,0.010655090765588003,0.0010523546435148646,0.0015785319652722968,0.002104709287029729,0.005787950539331755,0.004932912391475927,0.0032886082609839516,0.0011181268087345436,0.006051039200210471,0.0032228360957642726,0.00545908971323336,0.0023677979479084454,0.0056564062088923965,0.0032886082609839516,0.0030255196001052354,0.0033543804262036307,0.0013154433043935806,0.0013154433043935806,0.00046040515653775324,0.022230991844251514,0.006314127861089187,0.0014469876348329387,0.002104709287029729,0.0,0.001907392791370692,0.00032886082609839514,0.0014469876348329387,0.0,0.00046040515653775324,368,13.755471672040114,893.671902173913,69.37709497206704
10_67,10,67,2.2557569031520166,26,10,2,9,7,2,10,26,11,111,9,1,2,15,5,1,6,185,153.86486486486487,34.57469696969698,9.392156862745098,0.5098894087622289,0.15950659293917482,0.1284559761803488,0.17375584857507442,0.4063164610803913,0.13196512122501064,2.67,0.0065451745379876795,0.06493839835728953,0.126411704312115,0.24910164271047228,0.5270790554414785,0.8343258188005104,0.029774564015312633,0.017652062951935346,0.007762654189706508,0.0028711186729051467,0.010208421948107189,0.00925138239047214,0.0024457677584006805,0.005210548702679711,0.003721820501914079,0.0029774564015312634,0.0017014036580178648,0.00276478094427903,0.0012760527435133986,0.0007443641003828158,0.001382390472139515,0.002658443215652914,0.0004253509145044662,0.00010633772862611655,0.0009570395576350489,0.0029774564015312634,0.002126754572522331,0.0006380263717566993,0.0007443641003828158,0.004253509145044662,0.0022330923011484476,0.0063802637175669925,0.00031901318587834965,0.0057422373458102935,0.0028711186729051467,0.00031901318587834965,0.001169715014887282,0.0007443641003828158,0.0008507018290089324,0.00010633772862611655,0.004997873245427478,0.0019140791152700979,0.00031901318587834965,0.001382390472139515,0.0,0.00031901318587834965,0.00031901318587834965,0.0005316886431305827,0.0,0.0007443641003828158,219,17.13150159543274,1259.7033333333334,83.31627906976745
10_68,10,68,3.0596137164950004,165,52,42,65,41,9,24,66,26,301,50,8,5,87,16,5,3,464,90.31681034482759,28.310501334154345,9.382278481012658,0.5139842621791282,0.1603843093336477,0.07721552562553417,0.22277563290206595,0.3753205033744953,0.16430402876425687,2.49,0.026326059960972148,0.16640056767784284,0.2115309561823665,0.25680326414759624,0.32364733014014546,0.8233179098759247,0.028882143172909727,0.013704282219799004,0.008812000825204091,0.003094515339954614,0.008163626182546933,0.006601632725236509,0.00253455542129616,0.003625003683946833,0.0029176858919572075,0.002387197547964988,0.0015914650319766585,0.0019451239279714716,0.0019156523533052372,0.0006778462173233916,0.0007367893666558605,0.0055701276119183045,0.0008546756653207981,0.0013556924346467831,0.0031534584892870827,0.003919719430609177,0.0019745955026377058,0.00253455542129616,0.0016798797559753617,0.003978662579941646,0.003742889982611771,0.004509150923933866,0.00126727771064808,0.0027408564439598006,0.0022103680999675814,0.0015030503079779553,0.00226931124930005,0.0010315051133182047,0.0007367893666558605,0.00023577259732987535,0.012024402463823643,0.01134655624650025,0.000501016769325985,0.0018272376293065338,0.00041260204532728184,0.0006778462173233916,0.0010315051133182047,0.00044207361999351624,0.00011788629866493767,0.0006189030679909228,973,13.96589409411996,900.2204110996917,66.73202614379085
10_69,10,69,4.114323387608615,36,22,7,74,11,0,5,18,9,127,12,3,0,28,7,2,2,137,243.72262773722628,42.915432742440046,9.267326732673267,0.5086797957695113,0.19613420860685632,0.06885485047410649,0.21181619256017506,0.3738147337709701,0.14938001458789205,2.5,0.023575818732226403,0.1309971562241996,0.17934134483074948,0.24768369874323456,0.4002385102284194,0.8156819839533187,0.024215900802334062,0.014587892049598834,0.005835156819839533,0.0038657913931436907,0.007148067104303428,0.022975929978118162,0.0055433989788475566,0.004886943836615609,0.003574033552151714,0.002552881108679796,0.0019693654266958426,0.002698760029175784,0.0027716994894237783,0.0006564551422319475,0.00036469730123997083,0.0051787016776075855,0.0015317286652078775,0.0002188183807439825,0.0012399708242159008,0.0040116703136396795,0.0016046681254558717,0.0010211524434719183,0.00014587892049598833,0.006418672501823487,0.005397520058351568,0.004303428154631655,0.0002188183807439825,0.0023340627279358132,0.00262582056892779,0.0009482129832239242,0.0006564551422319475,0.00087527352297593,0.0010211524434719183,0.0,0.009773887673231218,0.0016046681254558717,0.00036469730123997083,0.002188183807439825,0.0,0.0006564551422319475,0.0006564551422319475,0.0006564551422319475,0.0,0.00036469730123997083,394,16.031174667325445,1092.0629695431467,94.37417218543047
10_70,10,70,4.875155098127276,106,24,11,12,7,1,5,15,8,86,12,6,1,35,5,2,4,172,63.91279069767442,21.681469176818027,8.317241379310344,0.4945616564015201,0.14432359236447823,0.09924431048792207,0.22784257196522956,0.3466561831127419,0.18193334206962827,2.76,0.056372169786992624,0.32477177781216154,0.29872608179895815,0.18835422146577957,0.11124864613956367,0.7385663740007863,0.006508539728301227,0.0017472589874634168,0.0006115406456121959,0.009478880006989036,0.0007425850696719522,0.012361857336303673,0.008648931987943913,0.0022277552090158564,0.0009173109684182938,0.0017035775127768314,0.003450836500240248,0.0002184073734329271,0.00039313327217926875,0.00017472589874634168,4.368147468658542e-05,0.01974402655833661,0.0026645699558817105,0.009435198532302451,0.006508539728301227,0.0038002882977329314,0.004804962215524396,0.006989035949853667,0.0062901323548683,0.0031013847027475646,0.002533525531821954,0.0033634735508670773,0.005198095487703665,0.0007862665443585375,0.001135718341851221,0.0010920368671646355,0.001572533088717075,0.001266762765910977,0.0004804962215524396,0.0018346219368365875,0.016074782684663433,0.08701349757567815,0.0007425850696719522,0.006683265627047569,0.00104835539247805,0.0025772070065085396,0.0011793998165378064,8.736294937317084e-05,0.0026645699558817105,4.368147468658542e-05,354,10.031687124245062,613.031242937853,62.35897435897436
10_71,10,71,3.8173104280366976,34,24,13,8,11,5,6,23,9,90,18,2,2,28,5,4,8,103,66.5631067961165,24.166666666666668,8.865168539325843,0.5172647585839508,0.1420892052883917,0.08755871955058356,0.22030122524093176,0.3707201317255073,0.17933071819458568,2.53,0.03203231679563041,0.20579198907601273,0.25819299044151117,0.2554619936276741,0.2325898953117888,0.8596057920480411,0.015836117971814615,0.004600707056031769,0.0026151387476391107,0.0042617075887452175,0.002905709719599012,0.005859847934524674,0.0041164221027652674,0.002711995738292411,0.0015497118504528063,0.0028572812242723617,0.0016465688411061068,0.0006295704392464527,0.0010169984018596541,0.0003389994672865514,0.000726427429899753,0.00978255605598334,0.0021308537943726088,0.001694997336432757,0.003196280691558913,0.0045038500653784685,0.0034868516635188146,0.0032447091868855636,0.003147852196232263,0.002711995738292411,0.0030025667102523126,0.003389994672865514,0.0023245677756792097,0.0010654268971863044,0.0013075693738195554,0.0013075693738195554,0.001694997336432757,0.0012591408784929053,0.0008232844205530534,0.000242142476633251,0.0119618383456826,0.008910843140103637,0.0001937139813066008,0.002663567242965761,9.68569906533004e-05,0.0017434258317594073,0.0010169984018596541,4.84284953266502e-05,0.0005327134485931522,4.84284953266502e-05,427,12.935796963802625,932.0159016393445,72.04521276595744
10_72,10,72,4.056157011763853,112,32,24,30,14,3,15,36,9,101,27,5,1,59,9,5,3,79,50.36708860759494,23.821518987341772,8.983333333333333,0.529308435483255,0.12200710276091191,0.08565318669568871,0.18467178370947418,0.3509374880665979,0.2567304387673273,2.47,0.04039296522082365,0.23617385202403404,0.27161089425902374,0.24801543791938951,0.18749177667646155,0.8761217397945545,0.007522816664757322,0.0024439607438805516,0.0011074197120708748,0.005728032993470042,0.0011456065986940084,0.003665941115820827,0.0044678657349066335,0.0017565967846641464,0.00038186886623133617,0.0009546721655783404,0.0017184098980410128,0.0002673082063619353,0.00042005575285446975,0.00019093443311566808,0.0004582426394776034,0.004124183755298431,0.0006491770725932715,0.00034368197960820253,0.00580440676671631,0.0045442395081529,0.005460724787108107,0.0051552296941230384,0.0033222591362126247,0.0019093443311566807,0.002596708290373086,0.002864016496735021,0.005231603467369305,0.005460724787108107,0.0008401115057089395,0.0014511016916790775,0.0016038492381716118,0.0013747279184328101,0.0009164852789552068,0.00019093443311566808,0.021690151601939895,0.004047809982052163,0.0004582426394776034,0.0014511016916790775,0.00015274754649253447,0.0014129148050559437,0.0016038492381716118,0.00034368197960820253,3.818688662313362e-05,0.00011456065986940085,454,10.90435678318532,765.2230616740088,72.32671081677704
10_73,10,73,4.945041567295214,140,42,25,32,13,8,11,23,14,116,23,9,4,78,4,6,0,73,39.43835616438356,21.261187214611873,8.714285714285714,0.5251871192341167,0.12034812880765883,0.08720626631853785,0.18074847693646648,0.34652741514360313,0.2651697127937337,2.51,0.05142560083176711,0.2741632342943976,0.2956372215779582,0.22905586435797975,0.13220298316471388,0.8847693646649261,0.004804177545691906,0.001671018276762402,0.0006266318537859008,0.00567449956483899,0.0006266318537859008,0.003933855526544822,0.003968668407310705,0.0013577023498694517,0.0004873803307223673,0.0008703220191470844,0.001671018276762402,0.00017406440382941688,6.962576153176675e-05,3.4812880765883375e-05,6.962576153176675e-05,0.004699738903394256,0.000835509138381201,0.0016362053959965187,0.004003481288076588,0.003864229765013055,0.005082680591818973,0.00515230635335074,0.003237597911227154,0.0022976501305483027,0.0026109660574412533,0.0023324630113141865,0.0037249782419495215,0.00020887728459530026,0.00038294168842471717,0.0019495213228894691,0.0017406440382941688,0.0009051348999129678,0.000835509138381201,0.0001392515230635335,0.022140992167101827,0.0068929503916449085,0.0007310704960835509,0.0006266318537859008,0.0004177545691906005,0.0022628372497824193,0.0018102697998259355,0.00020887728459530026,0.00038294168842471717,0.0,373,10.162101408993312,688.6279624664879,69.9211956521739
