Tag,Distance_Center,Nationality_Italy,Nationality_Spain,Nationality_UK,POI_Restaurants_Hotels,Percentage_Age_65_Plus,Intercept
01_001,,,,,0.3483266010918292,,
01_002,,,,,0.3320071313432703,,
01_003,,,,,0.2977319556924469,,
01_004,,,,,0.27475399248126403,,
01_005,,,,,0.32526327960655393,,
01_006,,,,,0.32588914796905405,,
01_007,,,,,0.29999136980604696,,
01_008,,,,,0.27410957514924106,,
01_009,,,,,0.2525296343197884,,
01_010,,,,,0.27159443347516143,,
01_011,,,,,0.2549501413102177,,
01_012,,,,,0.24506383981442406,,
01_013,,,,,0.2668639672339817,,
01_014,,,,,0.28120254067489076,,
01_015,,,,,0.25715900138239284,,
01_016,,,,,0.27695682677026673,,
01_017,,,,,0.2799199289739008,,
01_018,,,,,0.30792260381993203,,
01_019,,,,,0.32620112395687867,,
01_020,,,,,0.343770039747412,,
01_021,,,,,0.3487111943542792,,
01_022,,,,,0.3940675184121438,,
01_023,,,,,0.4222295586270418,,
01_025,,,,,0.4197803890123736,,
01_026,,,,,0.4340289689471142,,
01_027,,,,,0.4154498135285953,,
01_028,,,,,0.37750671261604357,,
01_029,,,,,0.3792566981816042,,
01_030,-0.37874469369457275,,,,0.4082694661299373,,
01_031,-0.37951787668786885,,,,0.4211232644184153,,
01_032,-0.3719029880771259,,,,0.4389892298616527,,
01_033,-0.36969237391994625,,,,0.4695473446812091,,
01_034,-0.3696886809426316,,,,0.47505437394202993,,
01_035,-0.37278957396600665,,,,0.47583643095054723,,
01_036,-0.3570870973670912,,,,0.4445425640252627,,
01_037,-0.3752078640483162,,,,0.47410043208802366,,
01_038,-0.37199334913056836,,,,0.47443711732557914,,
01_039,-0.3726316611025961,,,,0.474621355546443,,
01_040,-0.37317769011106205,,,,0.47038340050377153,,
01_041,-0.37511113487448633,,,,0.47356704790635457,,
01_042,-0.3763448765878129,,,,0.47099340279278124,,
01_043,-0.37306179874823087,,,,0.44678365851580776,,
01_044,-0.349904289692334,,,,0.4535084309613607,,
01_045,-0.3609207880010269,,,,0.4550420755340619,,
01_046,-0.36869356737510384,,,,0.44757721622588525,,
01_047,,,,,0.44216460849899675,,
01_048,,,,,0.4467364624342765,,
01_049,,,,,0.4397987199141806,,
01_050,,,,,0.43807264992962824,,
01_051,,,,,0.4419420377404509,,
01_052,,,,,0.44206700251276276,,
01_053,,,,,0.44059010880826377,,
01_054,,,,,0.44332945532717544,,
01_055,,,,,0.42881190392428725,,
02_001,,,,,0.3927723421764958,,0.4682659443002873
02_002,,,,,0.4135332205623286,,0.5282735566065706
02_003,,,,,0.3870095584909033,,0.4106869041707064
02_004,,,,,0.4005652079351522,,0.4567763193525688
02_005,,,,,0.41731323916625673,,0.52354312240499
02_006,,,,,0.4339000750532232,,0.5714941895042095
02_007,,,,,0.43272205710125455,,0.5707464075926931
02_008,,,,,0.4096867785017521,,0.4791956787159634
02_009,,,,,0.39576260531809465,,0.3955154322991938
02_010,,,,,0.39262142698192876,,0.3248290421923609
02_011,,,,,0.38498553398811025,,0.30377298977781314
02_012,,,-0.3232447463700158,,0.3647207781825184,,
02_013,-0.33624811404458754,,-0.36881286165920224,,0.3770203937104527,,
02_014,-0.38100665767890407,,-0.33896114126031296,,0.3857070341000855,,
02_015,-0.33087041959090235,,,,0.38956962248348537,,0.27296604319939377
02_016,,,,,0.3969332845994997,,0.4127004040854828
02_017,,,,,0.4106170928757966,,0.509693846320966
02_018,,,,,0.39181996169891237,,0.4717535134341458
02_019,,,,,0.3947229539048259,,0.45674297072492587
02_020,,,,,0.3885653307132858,,0.39073283529069724
02_021,-0.390287468213033,,,,0.3829763495562194,,
02_022,-0.4752184227202291,,-0.28861523598299793,,0.37059444176856937,,
02_023,-0.48020705904273703,,,,0.3725456929061337,,
02_024,-0.3462923726195189,,,,0.38122684488894243,,0.33032795569176343
02_025,-0.4636154696243045,,,,0.37561368189843236,,0.24626292850931802
02_026,-0.42461057425042775,,,,0.37494344516736283,,0.28498754417228184
02_027,-0.5108930244960707,,,,0.37240798383013546,,
02_028,-0.5404379746206396,,,,0.3717426578840547,,
02_029,-0.5308507390893745,,,,0.3707058963587095,,
02_030,-0.5877393150073262,,,,0.3593567481191391,,
02_031,-0.6420797726600609,,,,0.3592080325910658,,
02_032,-0.6660861349471852,,,,0.3677293912652133,,
02_033,-0.6541184785310299,,,,0.3671240099098824,,
02_034,-0.5852465621578569,,,,0.3720866948201977,,
02_035,-0.5241707596328421,,,,0.3721851745390899,,
02_036,-0.5989282663913671,,,,0.371817669008518,,
02_037,-0.6824576973658941,,,,0.365090983341008,,
02_038,-0.7635086542494008,,,,0.3583228398559178,,
02_039,-0.6719147393347524,,,,0.3638241482511425,,
02_040,-0.7152562135519516,,,,0.33902056424070437,,
02_041,-0.625055773288278,,,,0.34987382025433944,,
02_042,-0.5648589881085506,,,,0.3459838942146486,,
02_043,-0.5360504472322254,,,,0.3236318270960387,,
02_044,-0.5199430657720493,,,,0.34147148719599274,,
02_045,-0.5459892734100975,,,,0.35739870537361434,,
02_046,-0.5919865251728179,,,,0.3655993103359539,,
02_047,-0.531962669777156,,,,0.3664704333568358,,
02_048,-0.4836354356149617,,,,0.3511360163212618,,
02_049,-0.4320405994955026,,,,0.36678967946955876,,
02_050,-0.37702048658862886,,,,0.37602180427402965,,0.3210285861649618
02_051,-0.33254322738123054,,,,0.37682957656250665,,0.3602290874728688
02_052,,,,,0.37048546760663187,,0.37045528006770806
02_053,,,,,0.3636804532398187,,0.38089783037654057
02_054,-0.3945282029610721,,,,0.34141182460013936,,
02_055,-0.38237934815630803,,,,0.3156438524330511,,
02_056,,,,,0.35027340098422083,,
02_057,,,,,0.32041977672400324,,
02_058,-0.42474462082029335,,,,0.2748942755998065,,
02_059,,,,,0.2633148436601262,,
02_060,,,,,0.3034062316510257,,
02_061,,,,,0.3852009331611009,,0.4644452657525158
02_062,,,,,0.36256452080031853,,
02_063,,,,,0.3212858356292948,,
02_064,,,,,0.3714797733250527,,
02_065,,,,,0.4023815712718609,,0.49998095961201094
02_066,,,,,0.4060231020416482,,0.5272132115984451
02_067,,,,,0.41737242276635217,,0.5508240516010117
02_068,,,,,0.42669462733826563,,0.5668670675377052
02_069,,,,,0.4277217406270932,,0.5946363385377664
02_070,,,,,0.4245808187956854,,0.5501122340490952
02_071,,,,,0.43394018523441724,,0.5835984257445892
02_072,,,,,0.43680100091420543,,0.5980837311249297
02_073,,,,,0.4425795329575894,,0.5983051455773152
02_074,,,,,0.4423038212519576,,0.5587828559656454
02_075,,,,,0.4428401358522216,,
02_076,,,,,0.43716286726677506,,
02_077,,,,,0.3988661945211582,,
02_078,,,,,0.41042929977300163,,
02_079,,,,,0.3605916926995482,,
02_080,,,,,0.35406732388852824,,
02_081,,,,,0.32078840184040136,,
02_082,,,,,0.26141177247953956,,
02_083,,,,,0.27916948440064243,,
02_084,,,,,0.32238495498419706,,
02_085,,,,,0.31188803429345235,,
02_086,,,,,0.3361728266353931,,
02_087,,,,,0.3213137624459694,,
02_088,,,,,0.3228608663356327,,
02_089,,,,,0.3186716779344308,,
02_090,,,,,0.31278166122230006,,
02_091,,,,,0.31831056521463436,,
02_092,,,,,0.28847793526654014,,
02_093,,,,,0.27176683530286694,,
02_094,,,,,0.25408763708269383,,
02_095,,,,,0.23476529856103756,,
02_096,,,,,0.25527789926368055,,
02_097,,,,,0.2467345238225554,,
02_098,,,,,0.2899980894927537,,
02_099,,,,,0.2755087698081877,,
02_100,,,,,0.2608135962458606,,
02_101,,,,,0.28859514514456613,,
02_102,,,,,0.31479096849691907,,
02_103,,,,,0.2969526750957533,,
02_104,-0.5319375775390175,,,,0.3141733086349755,,
02_105,,,,,0.3278142605758982,,
02_106,,,,,0.34191647714264634,,
02_107,-0.5519382346603943,,,,0.34369274460793764,,
02_108,-0.6646304206411255,,,,0.3413677296003209,,-0.42127714535347327
02_109,-0.7780160755924027,,,,0.32401038641908597,,-0.4800196274481637
02_110,-0.6224741214100822,,,,0.29719936238337186,,
02_111,-0.7716847706521738,,,,0.2791098662641272,,-0.40045676607825564
02_112,-0.7136689528799837,,,,0.2452317388508992,,-0.3027618912396817
02_113,-0.6213204323464389,,,,0.25815344775851257,,
02_114,-0.5179861026335084,,,,0.2496078002447193,,
02_115,,,,,0.24539925286767109,,
02_116,-0.4810401617665472,,,,0.2592832857872373,,
02_117,,,,,0.27197944161030235,,
02_118,,,,,0.2470957071272931,,
02_119,,,,,0.24366081896370698,,
02_120,,,,,0.23064587876503792,,
02_121,,,,,0.22164958713690142,,
02_122,,,,,0.22052352958448335,,
02_123,-0.44932927664319333,,,,0.23103936576060236,,
02_124,-0.5166512676715665,,,,0.21876174458402536,,
02_125,-0.6031773233716025,,,,0.21576108613924927,,
02_126,-0.489517102091985,,,,0.19273265787281854,,
02_127,,,,,,,
02_128,,,,,0.20825451503737435,,
02_129,,,,,,,
02_130,,,,,,,
02_131,,,,,,,
02_132,,,,,,,
02_133,,,,,,,
02_134,,,,,,,
02_135,,,,,,,
02_136,,,,,,,
02_137,,,,,,,
02_138,,,,,0.2166166103111866,,
02_139,,,,,0.23546266995295873,,
02_140,,,,,0.21909409972894664,,
02_141,,,,,0.19982618002945876,,
02_142,,,,,0.21046679503489793,,
02_143,,,,,0.22602591190946278,,
02_144,,,,,0.22098834136967438,,
02_145,,,,,0.21014793824468517,,
02_146,,,,,0.20068663763042416,,
02_147,,,,,,,
02_148,,,,,,,
02_149,,,,,,,
02_150,,,,,,,0.3344508379740138
02_151,,,,,0.19722913335506176,,
02_152,,,,,0.20174877495018076,,
02_153,,,,,0.2016027117646369,,
02_154,,,,,0.1976466414699898,,
02_155,,,,,0.20384495607109684,,
02_156,,,,,0.21067383881550517,,
02_157,,,,,0.20792346412375085,,
02_158,,,,,0.2091875754155796,,
02_159,,,,,0.2084948573213832,,
02_160,,,,,0.2193583959260437,,
02_161,,,,,0.21643747651813058,,
02_162,,,,,0.22113437950669712,,
02_163,,,,,0.23536045611914574,,
02_164,,,,,0.27782009825911236,,
02_165,,,,,0.23634783805563006,,
02_166,,,,,0.2306002828533761,,
02_167,,,,,0.21595021686194657,,
02_168,,,,,0.22087949395550324,,
02_169,,,,,0.2340085895680988,,
02_170,,,,,0.24650257556308874,,
02_171,,,,,0.22724523839727268,,
02_172,,,,,0.2253695827751763,,
02_173,,,,,0.21668634264280526,,
03_001,,,,,0.20671212624745108,,0.40996428818846714
03_002,,,,,0.20341339481230147,,0.4445060219775747
03_003,,,,,0.20061753657906276,,0.4173069992955474
03_004,,,,,0.19762959412131942,,0.40166470820520755
03_005,,,,,0.20361928514227115,,0.44099253233876157
03_006,,,,,0.20977581549229077,,0.48493211349303844
03_007,,,,,0.20987654614815668,,0.4634097345235061
03_008,,,,,0.213019256200505,,0.4386029212981723
03_009,,,,,0.2146670918524029,,
03_010,,,,,0.2216180980855778,,
03_011,,,,,0.21870255499018743,,0.4757642459176849
03_012,,,,,0.2296429217494025,,
03_013,,,,,0.2278614971346229,,0.5186887963083824
03_014,,,,,0.23580937859098278,,0.5358191747901304
03_015,,,,,0.24420566671034297,,
03_016,,,,,0.260495368286821,,
03_017,,,,,0.24586957342561064,,0.5621638929397182
03_018,,,,,0.25780941115549794,,
03_019,,,,,0.2802750753972271,,
03_020,,,,,0.3114680612478412,,
03_021,,,,,0.2888532320491948,,
03_022,,,,,0.2632125795142433,,
03_023,,,,,0.2320186355900927,,0.5556410308369202
03_024,,0.3640904932823163,,,0.19947498335688965,,0.3017096939442079
03_025,,0.420125350572978,,0.32302116037292034,,,0.39098715706826637
03_026,,0.3761700487859993,,,,,0.30599913522871763
03_027,,0.3604489615090598,,,,,0.2957960986836928
03_028,,0.3517477883203965,,,,,0.289483987462304
03_029,,0.37301557691827636,,,,,0.30871129061539443
03_030,,0.38297163360754827,,,,,0.32570176851442617
03_031,,0.38936211339267074,,,,,0.3402756869414273
03_032,,0.398519994731669,,,,,0.3579016125351047
03_033,,0.37909932930565665,,,,,0.32140648962404955
03_034,,0.37957327320235235,,,,,0.32578045495276237
03_035,,0.3714449677993526,,,,,0.3056957321384079
03_036,,0.352269133068307,,,,,0.27775074603536093
03_037,,0.370268591226548,,,,,0.3057066235604492
03_038,,0.39653984757946076,,,,,0.3290974028585105
03_039,,0.3754881851279234,,,,,0.29767198441375636
03_040,,0.3796202718430953,,,,,0.2726191950118834
03_041,,0.38652923853658666,,,,,0.2535042194961731
03_042,,0.42425317057329354,,,,,0.25625242251704
03_043,,0.40724429877609325,,,,,0.23933414263638697
03_044,,0.4164539086481899,,,,,0.23433198066165897
03_045,,0.4168325960315546,,,,,0.284988414629357
03_046,,0.3967171898634316,,,,,0.2600484775734326
03_047,,,,,,,
03_048,,,,,,,
03_049,,,,,,,
03_050,,,,,,,
03_051,,0.31440624790588045,,,,,0.1941366424540151
03_052,,0.337592599544722,,,,,0.20156997371018284
03_053,,,,,,,0.2451114816043618
03_054,,0.38947231171735824,,,,,0.23149224816738087
03_055,,0.3994232029121388,,,,,0.21330347964755342
03_056,,0.39313869368623894,,,,,0.22210663809824027
03_057,,0.34280431922769533,,,,,0.20600728393992845
03_058,,0.3654899116585903,,,,,0.23304564601471933
03_059,,0.3491088909333606,,,,,0.24247610151996024
03_060,,0.3157016768010668,,,,,0.23208870718868518
03_061,,0.33043949789249766,,,,,0.2485101917282636
03_062,,0.2894050585614201,,,0.18737564282781816,,0.23904846424270293
03_063,,0.3136699328249209,,,0.18696428089314157,,0.2535569744434471
03_064,,0.3232071299194079,,,0.18854984409002215,,0.2641286552460464
03_065,,0.3134818544003675,,,0.1895231750979089,,0.2577447116629626
03_066,,0.2826309938610012,,,0.1905796259511752,,0.2428253238495201
03_067,,0.2851569415554534,,,0.19026789746467068,,0.2444680858805886
03_068,,,,,0.19156180247400736,,0.23315305166487552
03_069,,,,,0.19189173936118842,,0.22560508007935068
03_070,,,,,0.1887081783357258,,0.20871541048289297
03_071,,,,,0.18793097804280873,,0.20034970166288898
03_072,,,,,0.18560864742608377,,0.1911009283966735
03_073,,,,,0.18261737106150755,,0.17070448428279236
03_074,,,,,0.179423490109677,,0.16322921718671354
03_075,,,,,0.17987485776664813,,0.1734731159739131
03_076,,,,,,,0.1509407959608381
03_077,,,,,,,
03_078,,,,,,,
03_079,,,,,,,
03_080,,,,,,,
03_081,,,,,,,
03_082,,,,,,,
03_083,,,,,,,
03_084,,,,,,,
03_085,,,,,,,
03_086,,,,,,,
03_087,,,,,,,
03_088,,,,,,,
03_089,,,,,0.1691375227105165,,
03_090,,,,,0.1770400798349678,,0.17452718069581147
03_091,,,,,0.17894533652288588,,0.16970283105791528
03_092,,,,,0.1660966716910105,,
03_093,,,,,,,
03_094,,,,,0.17697915143719323,,0.1538749263672983
03_095,,,,,0.18571713913796317,,0.1793832150857023
03_096,,,,,0.18537822994948833,,0.19023981128454504
03_097,,,,,0.19177295408570588,,0.20220400535462402
03_098,,,,,0.19275228794804064,,0.21937459255002767
03_099,,,,,0.18920794742570218,,0.22503448584945152
03_100,,,,,0.18785715639777936,,0.20605827712016928
03_101,,,,,0.18290178041759533,,0.21039269013484474
03_102,,,,,,,0.21322896556202486
03_103,,,,,,,0.20164982944811985
03_104,,,,,,,0.1954453277999168
03_105,,,,,0.17566126793776896,,0.18282725750035259
03_106,,,,,,,
03_107,,,,,,,
03_108,,,,,0.17274943644837645,,0.1628201702859974
03_109,,,,,,,
03_110,,,,,,,
03_111,,,,,,,
03_112,,,,,,,
03_113,-0.4427575896997492,,,,,,
03_114,-0.5399838889306336,,,,0.18796964286014334,,
03_211,,0.37495629120392737,,,,,0.3180033052605206
03_212,,0.3572462397335565,,,,,0.29250813392559977
03_213,,0.358612772441751,,,,,0.28837117793501205
04_001,-0.5819902439342852,,,,0.19109253477259075,,
04_002,,,,,,,
04_003,-0.4509791285596168,,,,,,
04_004,,,,,,,
04_005,,,,,,,
04_006,,,,,,,
04_007,,,,,,,
04_008,,,-0.28774954951847465,,,,
04_009,,,-0.30077418690986274,,,,
04_010,,,-0.32911328948701146,,,,
04_011,,,,,,,
04_012,-0.44037475595321174,,,,,,
04_013,-0.5756865446409567,,,,0.19788218529633436,,-0.279966813315436
04_014,-0.6907132777678426,,,,0.2193760549284736,,-0.327843618251462
04_015,-0.5809282220456912,,,,0.19521679837727934,,
04_016,-0.6806459679936694,,,,0.20979910593372336,,
04_017,-0.7722388947131563,,,,0.23565397554308032,,-0.35721917886374
04_018,-0.8613781223208713,,,,0.27555263706489597,,-0.4733166078183777
04_019,-0.9572401605870672,,,,0.31006714388848555,,-0.6050659286165323
04_020,-0.8752204607926238,,,,0.2676612680832289,,-0.4927587410827495
04_021,-0.8548174953132727,,,,0.2668308589696406,,-0.5263288629820146
04_022,-0.5891190573366731,,,,0.20287812828291213,,-0.38854734501454974
04_023,-0.5293539751875561,,,,0.20035164093400093,,-0.44887816325954977
04_024,,,,,,,-0.3504063701274855
04_025,,,,,,,-0.22140083746909878
04_026,,,-0.34289485387571267,,,,
04_027,,,-0.342734339295183,,,,-0.23396746860103507
04_028,,,-0.4043230020497971,,,,-0.17981729818107023
04_029,,,-0.41893361764870674,,,,
04_030,,,-0.35752813108185505,,,,
04_031,,,-0.3192047360409529,,,,
04_032,,,,,,,
04_033,,,,,,,
04_034,,,-0.27401301469707834,,,,
04_035,,,,,,,
04_036,,,-0.2659937808288903,,,,
04_037,,,,,,,
04_038,,,,,,,
04_039,,,,,,,
04_040,,,,,,,
04_041,,,,,,,
04_042,,,,,,,
04_043,,,,,0.1768987917344086,,
04_044,,,,,0.17258211236421292,,
04_045,,,,,0.183443368622107,,
04_046,,,,,0.19357279742545375,,
04_047,,,-0.2400771576542968,,0.22196916112689735,,
04_048,,,-0.3351509874217582,,,,
04_049,,,-0.33983023077653013,,0.16408035408563482,,
04_050,,,-0.3512922203021987,,,,-0.29052110644575424
04_051,,,-0.3471558081813852,,,,-0.32131618795948297
04_052,,,-0.38030343039724923,,0.16604230045592225,,-0.2739353758903549
04_053,,,-0.3023133211644488,,0.22636957464599203,,-0.28661387186721254
04_054,,,-0.26092941358889493,,0.2458435225388545,,-0.2417407837258004
04_055,,,-0.27069132542468427,,0.22601572479440607,,-0.39588574271334215
04_056,,,,,0.27688050014184906,,-0.4479885288955989
04_084,,,-0.36097065486707486,,,,
05_001,0.5420074934532516,,,,0.3137890684856693,,-0.9010862785604854
05_002,,,,0.2056985182861488,,,-0.6625648007534758
05_003,0.4237221566726088,,,,0.2840835450075489,,-0.8161284698143573
05_004,,,,,0.18688664222807355,,-0.66473252929263
05_005,,,,,0.2637150180718704,,-0.6895161030893653
05_006,,,,,0.22990285386378975,,-0.5150575804126115
05_007,,,,,0.22784306781468214,,-0.6147942077051604
05_008,,,,,0.20016754098574446,,-0.5757442559788016
05_009,,,,,0.22131427781216978,,-0.5611890705902255
05_010,,,,,0.21258713481922234,,-0.5366763660986335
05_011,,,,,0.20365872524776893,,-0.5352446135398764
05_012,,,,,0.20134626942416017,,-0.5185046592509522
05_013,,,,,0.206667712294277,,-0.5163684848584357
05_014,,,,,0.1983017484087688,,-0.45963398357570495
05_015,,,,,0.19331573998762208,,-0.4996591247384831
05_016,,,,,0.18633453318739157,,-0.4582070558711222
05_017,,,-0.295969069235574,,0.17842511745575168,,-0.37639403074818495
05_018,,,,,0.1722876514308535,,-0.41145313177780746
05_019,,,,,0.18049372206632347,,-0.4289333806442744
05_020,-0.4369170980022283,,,,0.20398856921408526,,-0.48578602051026754
05_021,-0.60210469953639,,,,0.24465111635355524,,-0.555451132123859
05_022,-0.4240634595601965,,,,0.2175279445617093,,-0.5187966065170887
05_023,,,,,0.19986106248538107,,-0.5075239438340285
05_024,,,,,0.22921133539709113,,-0.5400627160487108
05_025,-0.4531122948135812,0.30513959763354437,,,0.24184079266731823,,-0.5165808465243921
05_026,-0.42906712301834377,0.33250843897979393,,,0.22566511983678447,,-0.4836744908296578
05_027,,,,,0.2173570600362499,,-0.514045458088151
05_028,,,,,0.20580766672570872,,-0.5354693066321871
05_029,,,,,0.2034555981382611,,-0.5144701503305366
05_030,,0.3241183958288285,,,0.1903868255717158,,-0.4751901059406011
05_031,,0.30842406405073647,,,,,-0.4572082397445284
05_032,,,,,,,-0.446955003367313
05_033,,,,0.19979596639776442,,,-0.2673897285761953
05_034,-0.5003663052801115,,,,,,
05_035,-0.5078961678564029,,,,,,
05_036,-0.4531822181177369,,,,,,
05_037,-0.5033563923222465,,,,,,
05_038,-0.505441080204061,,,,,,
05_039,-0.4445371103631946,,,,,,-0.2588632428086569
05_040,-0.4556417220676658,,,,,,-0.2807344636699394
05_041,-0.51283101989529,,,,,,-0.2597471003601355
05_042,-0.5170160106312565,0.3307475145038883,,,,,-0.3515886329905099
05_043,-0.47101402243439716,0.32430681815972706,,,,,-0.3298668210427002
05_044,-0.46924801498810453,0.3367008533809486,,,,,-0.38164926532329657
05_045,-0.4200784744060352,0.323502765029368,,,,,-0.34843184672338956
05_046,-0.41757979613034246,0.3364970063602256,,,,,-0.4124352285126685
05_047,-0.47777895704256845,0.34186865458516674,,,0.21823921160539284,,-0.44364787814638235
05_048,-0.5232980139036076,0.34093839041287366,,,0.24833561021192765,,-0.46726562228526414
05_049,-0.594879965395599,0.3171759573982613,,,0.2784148301756349,,-0.515275494465484
05_050,-0.5603992125647708,0.32387527450169146,,,0.21226208784944567,,-0.37227068323706375
05_051,-0.5970684371041557,,,,0.2495538213228553,,-0.34656478867561774
05_052,-0.6360189393466378,,,,0.2731396426608179,,-0.4451410042171397
05_053,-0.6742533328554109,,,,0.29787290533681227,,-0.5684794579829249
05_054,-0.796082356628577,,,,0.3161035849711927,,-0.5925205689242036
05_055,-0.7031447721399926,,,,0.29132336303005435,,-0.5888770530809833
05_056,-0.848557892411012,,,,0.30449146156062323,,-0.626650513817816
05_057,-0.9148324608590438,,,,0.2991741349587309,,-0.6199463497607032
05_058,-0.9386400380081501,,,,0.3357568755875488,,-0.6435262880296251
05_059,-0.9126612533872058,,,,0.34070390744718787,,-0.6170418981603811
05_060,-0.8460498271998463,,,,0.3329266976017821,,-0.5769894830695033
05_061,-0.7642024417480279,,,,0.35607441124513867,,-0.5316872822711077
05_062,-0.7579873987207658,,,,0.31921321672303316,,-0.5017041761781501
05_063,-0.6498578777878743,,,,0.3007167220750306,,-0.39752883778302184
05_064,-0.6539289964254961,,,,0.33567935948128275,,-0.4193795478819801
05_065,-0.5594741597467449,,,,0.34604326573073224,,
05_066,,,,,0.32303237947165686,,
05_067,,,,,0.2822917614851383,,
05_068,,,,,0.2110487094280338,,
05_069,,,,,0.2401384476139884,,
05_070,,,,,0.23682109344117105,,
05_071,,,-0.4022202157113082,,,,
05_072,,,,,0.23605878997913038,,
05_073,,,,,,,
05_074,-0.5448742067600338,,,,0.24535375231562356,,
05_075,-0.5704488379703669,,,,,,
05_076,-0.5680506397487867,,,,0.20495259499492263,,
05_077,-0.5708042188340091,,,,,,
05_078,-0.5574387048732317,,,,,,
05_079,-0.568788354474959,,,,,,
05_080,-0.6181238771734643,,,,,,
05_081,-0.5945489427570974,,-0.39755268264336874,,,,
05_082,-0.5867727180167049,,-0.4375066515285256,,,,
05_083,-0.5857732236055672,,-0.4578296318713017,,,,
05_084,-0.6561743639138369,,-0.4091262222747677,,,,
05_085,-0.630156401506375,,-0.369285931513781,,,,
05_086,-0.6225614534245874,,,,,,
05_087,-0.5894104196128392,,,,,,
05_088,-0.6729727267109394,,-0.34244776725094495,,,,
05_089,-0.6912370037295897,,-0.39413167590731496,,,,
05_090,-0.7535837060657529,,,,,,
05_091,-0.8578989914114932,,,,,,
05_092,-0.6711411758230099,,,,,,
05_093,-0.547599369295694,,,,,,
05_094,-0.5837063864003561,,,,,,
05_095,-0.6020377965393806,,,,,,
05_096,-0.6731072745696057,,,,,,
05_097,-0.66576295291938,,,,,,
05_098,-0.7681734555216697,,,,,,
06_001,-0.7205833013114084,,,,,,
06_002,-0.6531806730372361,,,,,,
06_003,-0.7783016398668134,,,,,,
06_004,-0.789197583150748,,,,,,
06_006,-0.7217391519854717,,,,,,
06_007,-0.7751139810894189,,,,,,
06_008,-0.6568954075425496,,,,,,
06_009,,,,0.24067040653487864,,,-0.3044931519014989
06_010,-0.4782241094187815,,,0.22004899823438945,,,-0.23737889228726455
06_011,-0.5662813812293035,,,0.20861524141001364,,,
06_012,-0.7235581247783406,,,,,,
06_013,-0.7956601636804977,,,,,,
06_014,-0.683362730850308,,,,,,
06_015,-0.6203695137821519,,,,,,
06_016,-0.5930503109957401,,,,,,
06_017,-0.6265656465308818,,,,,,
06_018,-0.5345290560680357,,,,,-0.25489673530861373,
06_019,-0.6499387526461174,,,,,,
06_020,,,,,,,
06_021,,,,,,,
06_022,,,,,,,
06_023,,,,,,-0.22486538533644992,
06_024,,,,,,,
06_025,,,,,,,
06_026,,,,,,,
06_027,,,,,,,
06_028,,,,,,,
06_029,,,,,,,
06_030,,,,,,,
06_031,,,,,,,
06_032,,,,,,,
06_033,,,,,,,
06_034,,,,,,,
06_035,,,,,,,
06_036,,,,,,,
06_037,,,-0.4755998290913289,,,,
06_038,,,-0.4824118654521769,,,,
06_039,,,-0.4499983995417745,,,,
06_040,,,-0.4863579562053718,,,,
06_041,,,-0.45878382227595366,,,,
06_042,,,,,,,
06_043,,,,,,,
06_044,,,,,0.228249562023095,,
06_045,,,,,0.2291887426797087,,
06_046,,,,,0.21336134526485087,,
06_047,,,,,0.21243477689950832,,
06_048,,,,,,,
06_049,,,,,,,
06_050,,,,,,,
06_051,,,,,,,
06_052,,,,,,,
06_053,,,,,,,
06_054,,,,,,,
06_055,,,,,,,
06_056,,,,,0.22223106960183647,,
06_057,,,,,0.22660911849483897,,
06_058,-0.4459962416452383,,,,0.24681204839441792,,
06_059,-0.4710110435332047,,,,,,
06_060,-0.4597174427738588,,,,,,
06_061,,,,,,,
06_062,,,,,,,
06_063,-0.4900669351051969,,,,,,
06_064,-0.48876135358491535,,,,0.21785726913441258,,
06_065,-0.5103207396829149,,,,,,
06_066,-0.5200390523280385,,,,0.22700555247694099,,
06_067,-0.49809049439601816,,,,0.24750934588726548,,
06_068,-0.46205875919241934,,,,0.26289298419793633,,
06_069,-0.4273245121055877,,,,0.28855555987818043,,
06_070,-0.45125433903453865,,,,0.28815328721505123,,
06_071,-0.4767252793554538,,,,0.29579026479995557,,
06_072,-0.4457395935652856,,,,0.32427558523570355,,
06_073,-0.4955811586664861,,,,0.31902709039482446,,
06_074,-0.5183928313616644,,,,0.29830539008023105,,
06_075,-0.5381141892151652,,,,0.2699842233433252,,
06_076,-0.5228499527224514,,,,0.2607656642810169,,
06_077,-0.5432925706019663,,,,0.22523317046763452,,
06_078,-0.5459921635756554,,,,0.21422763142630916,,
06_079,-0.5272226031450711,,,,,,
06_080,-0.5331911866892969,,,,,,
06_081,-0.5202114877816285,,,,,,
06_082,-0.48955997857410594,,,,,,
06_083,-0.49568011538028567,,,,,,
06_084,-0.4361624525874984,,,,,,
06_085,,,,,,,
06_086,,,,,,,
06_087,-0.4573540156716177,,,,,,
06_088,-0.4875082633417418,,,,,,
07_001,-0.5171849747047936,,,,,,
07_002,-0.5491468485537825,,,,0.24089178147013943,,
07_003,-0.5451347697779589,,,,0.2993675022310891,,
07_004,-0.5607245184479004,,,,0.327036266439745,,
07_005,-0.5529363821586979,,,,0.2956338681924625,,
07_006,-0.5411841893624897,,,,0.2633952167679419,,
07_007,-0.5186060473729192,,,,,,
07_008,-0.5266280715812834,,,,0.22945353734610527,,
07_009,-0.5443269322714346,,,,0.26829045771009896,,
07_010,-0.5812978224947044,,,,0.3179868434145844,,
07_011,-0.6283430424257479,,,,0.3225790996456701,,
07_012,-0.5767260078133445,,,,0.2803877419051366,,
07_013,-0.5298359744292047,,,,0.23192210079559805,,
07_014,-0.5280351745014806,,,,0.2103555022434372,,
07_015,-0.4924209270178962,,,,,,
07_016,-0.47261291162002883,,,,,,
07_017,-0.4617670978114994,,,,,,
07_018,-0.48137930956308583,,,,,,
07_019,,,,,,,
07_020,,,,,,,
07_021,,,,,,-0.2352732377679912,
07_022,,,,,,,
07_023,-0.4619387311505678,,,,,-0.22617933227264655,
07_024,,,,,,,
07_025,-0.43928382437008934,,,,,,
07_026,-0.5073379236084067,,,,,,
07_027,-0.5206436592198884,,,,,,
07_028,-0.6537624513223941,,,,,,
07_029,-0.7739671332961989,,,,,,
07_030,-0.8667679529218726,,,,,,
07_031,-0.9253427430064652,,,,,,
07_032,-0.8647151761511306,,,,,,
07_033,-0.9931101477800437,,,,,,
07_034,-1.0623444373099433,,,,,,
07_035,-1.0969289682858199,,,,0.20802019116243417,,
07_036,-0.9808071772580378,,,,,,
07_037,-0.8638554175100798,,,,,,
07_038,-0.6496253565750184,,,,,,
07_039,-0.7439470540948392,,,,0.2633474731689865,,
07_040,-0.8598518521171752,,,,0.20130156472470767,,
07_041,-0.9878167937532679,,,,0.23251543231275912,,
07_042,-1.1807415961078052,,,,,,
07_043,-1.1254090274557125,,,,,,
07_044,-1.093640531209082,,,,,,
07_045,-1.0496186358949748,,,,,,
07_046,-1.0201619441683536,,,,,,
07_047,-0.9740441112044276,,,,,,
07_048,-0.9162700477206766,,,,,,
07_049,-0.9327214533391405,,,,,,
07_050,-0.9675162229033432,,,,,,
07_051,-0.915267165382035,,,,,,
07_052,-0.917668956997176,,,,,,
07_053,-0.9211469061328006,,,,,,
07_054,-0.8871991280954199,,,,,,
07_055,-0.8230654278826541,,,,,,
07_056,-0.7352538127484098,,,,,,
07_057,-0.7420625683907424,,,,,,
07_058,-0.6786456727014211,,,,,,
07_059,-0.6446039132544518,,,,,,
07_060,-0.5825879634563892,,,,,-0.2289305527585094,
07_061,-0.5374983049241819,,,,,,
07_062,-0.580568725497416,,,0.24169576898990786,,,
07_063,-0.5808797783191384,,,0.2383026075812993,,,
07_064,-0.5740796659132568,,,,,,
07_065,-0.591868514256797,,,,,,
07_066,-0.6011908343748463,,,,,,
07_067,-0.6065625113170136,,,,,,
07_068,-0.6202712836049556,,,,,,
07_069,-0.5937262825530327,,,0.2385115752358767,,,
07_070,-0.65345719396931,,,,,,
07_071,-0.6894448042974264,,,,,,
07_072,-0.6289992120493384,,,,,,
07_073,-0.6017777771292654,,,0.2619516610260183,,,
07_074,-0.6449865162487315,,,0.24187339975545463,,,
07_075,-0.671579680865775,,,,,,
07_076,-0.6179610447119174,,,0.24221169282293822,,,
07_077,-0.5818844289000314,,,0.2500834746152923,,,
07_078,-0.5835254772065198,,,0.2568092526000692,,,
07_079,-0.608822414277848,,,0.25278537298063436,,,
07_080,-0.6007785348085589,,,0.2625568653954733,,,
07_081,-0.5614973275329196,,,0.27522130626824826,,,
07_082,-0.5900756907859596,,,0.26397509418549775,,,
07_083,-0.5927480311502833,,,0.2513790847151624,,,
07_084,-0.5729213997259991,,,0.23571744368569594,,,
07_085,-0.5835456074264461,,,0.26042975410664126,,,
07_086,-0.5757258972547291,,,0.24438663980328193,,,
07_087,-0.5486364314890977,,,0.25012100605678794,,,
07_088,-0.5044409891770691,,,0.2633000708491458,,,
07_089,-0.4233535031454192,,,0.25552641790791486,,,-0.26692030721464177
07_090,,,,0.28270879410062216,,,-0.4358210204421747
07_091,,,,0.3069844403370951,,,-0.35926198272640847
07_092,,,,0.2769359876416994,,,-0.2928515393321675
07_093,,,,0.29546069550040455,,,-0.3170232536334568
07_094,,,,0.3097965464333095,,,-0.2893033595494859
07_095,,,,0.328079852892417,,,-0.32578515022008325
07_096,,,,0.3352044777862895,,,-0.33610560399004996
07_097,,,,0.3551660461357336,,,-0.4174624584075986
07_098,,,,0.31313780910525585,,,
07_099,,,,0.3190104499305067,,,
07_100,,,,0.31218278027934665,,,
07_101,,,,0.3015397377021181,,,
07_102,-0.517598400802953,,,0.2743240868601119,,,
07_103,,,,0.3031202173972206,,,-0.5338773330151465
07_104,,,,,,,-0.6185785694931759
07_105,,,,,,,-0.5318273771372981
07_106,,,,,,,-0.4396500844826172
07_107,,,,,,,-0.4621694059501383
07_108,,,,,,,-0.5458709396561424
07_109,,,,,,,-0.5342496655878848
07_110,,,,,,,-0.4302953973763941
07_111,,,,,,,-0.4306407223319565
07_112,,,,0.2648767531359388,,,
07_113,,,,,,,
07_114,-0.5028470146007346,,,,,,
07_115,-0.4880992431778882,,,,,,
07_116,-0.5233630276886675,,,,,,
07_117,-0.6055235761985908,,,,,,
07_118,-0.595239664188885,,,,,,
07_119,-0.6603858664479327,,,,,,
07_120,-0.7208638837246218,,,,,,
07_121,-0.6846957615839928,,,,,,
07_122,-0.7275415550783754,,,,,,
07_123,-0.6662394093128997,,,,,,
08_001,-0.6773120383154968,,,,,,
08_002,-0.7689941959059001,,,,,,
08_003,-0.8110360557561818,,,,,,
08_004,-0.7224453700514436,,,,,,
08_005,-0.7311803951336234,,,,,,
08_006,-0.8635060764310094,,,,,,
08_007,-0.748607434341092,,,,,,
08_008,-0.8706821038856611,,,,,,
08_009,-0.862737288276058,,,,,,
08_010,-0.7234786406290381,,,,,,
08_011,-0.6863067936112033,,,,,,
08_012,-0.8531438624051546,,,,,,
08_013,-0.6837192559798047,,,,,,
08_014,-0.6746399022069381,,,,,,
08_015,-0.7915493384278717,,,,,,
08_016,-0.727527211852917,,,,,,
08_017,-0.8525095130738397,,,,,,
08_018,-0.8820518910486049,,,,,,
08_019,-0.8126761740255226,,,,,,
08_020,-0.7420618544028105,,,,,,
08_021,-0.665006167928586,,,,,,
08_022,-0.5260555083664583,,,,,,
08_023,-0.6079292339010287,,,,,,
08_024,-0.5420966950249408,,,,,,
08_025,-0.4937237780606677,,,,,,
08_026,-0.46696882048303456,,,,,,
08_027,-0.5544042417148616,,,,,,
08_028,-0.5580813471881613,,,,,,
08_029,-0.6751701132985025,,,,,,
08_030,-0.557209974149623,,,,,,
08_031,-0.5093175820189442,,,,,,
08_032,-0.4935881432851856,,,,,,
08_033,-0.46212849950606666,,,,,,
08_034,-0.4648790004570783,,,,,,
08_035,-0.47776861793192094,,,,,,
08_036,-0.46542881011640175,,,,,,
08_037,-0.4612372798771437,,,,,,
08_038,-0.5019330490769471,,,,,,
08_039,-0.46836227465464825,,,,,,
08_040,-0.5001433857721739,,,,,,
08_041,-0.5284004305289761,,,,,,
08_042,-0.5618164494452725,,,,,,
08_043,-0.622680515685131,,,,,,
08_044,-0.6002635090042022,,,,,,
08_045,-0.6309853285498723,,,,,,
08_046,-0.5691037050736899,,,,,,
08_047,-0.492079888633623,,,,,,
08_048,,,,,,,
08_049,,,,,,,
08_050,-0.4411035882261208,,,,,,
08_051,,,,,,,-0.5511950544316467
08_052,,,,,,,-0.5222683402743192
08_053,,,,,,,
08_054,,,,,,,
08_055,-0.4243669163205189,,,,,,
08_056,,,,,,,
08_057,,,,,,,
08_058,,,,,,,
08_059,,,,,,,-0.6025193778896922
08_060,,,,,,,-0.6755084722122059
08_061,,,,,,,-0.7173869538979853
08_062,,,,,,,-0.6299889705831538
08_063,,,,,,,
08_064,,,,,,,-0.715131396392027
08_065,,,,,,,
08_066,,,,,,,
08_067,,,,,,,
08_068,,,,,,,
08_069,,,,,,,
08_070,,,,,,,
08_071,,,,,,,
08_072,,,,,,,
08_073,,,,,,,
08_074,,,,,,,
08_075,,,,,,,
08_076,,,,,,,
08_077,,,,,,,
08_078,,,,,,,
08_079,,,,,,,
08_080,,,,,,,
08_081,,,,,,,
08_082,-0.42805355844964327,,,,,,
08_083,-0.46929397887068275,,,,,,
08_084,-0.5118751743436771,,,,,,
08_085,-0.4873842888677527,,,,,,
08_086,-0.45087317181036746,,,,,,
08_087,,,,,,,
08_088,,,,,,,
08_089,,,,,,,
08_090,,,,,,,
08_091,,,,,,,
08_092,-0.5142718346794345,,,,,,
08_093,,,,,,,
08_094,,,,,,,
08_095,-0.4631173897201596,,,,,,
08_096,,,,0.3119500410023446,,,
08_097,,,,0.33867938912900264,,,
08_098,,,,0.3166698468614293,,,
08_099,,,,,,,
08_100,,,,,,,
08_101,,,,,,,
08_102,,,,,,,
08_103,,,,,,,
08_104,,,,0.3254954075216027,,,
08_105,,,,0.35880001469308614,,,
08_106,,,,0.37895004710852226,,,
08_107,,,,0.36544921137533953,,,
08_108,,,,0.34690278263543145,,,
08_109,,,,,,,
08_110,,,,,,,
08_111,,,,,,,
08_112,,,,,,,
08_113,,,,,,,
08_114,,,,,,,
08_115,,,,,,,
08_116,,,,0.38485932542295753,,,
08_215,,,,,,,
09_001,,,,0.3996653183852043,,,
09_002,,,,0.398448907987015,,,
09_003,,,,0.39113480812222096,,,
09_004,,,,0.39242743408470654,,,
09_005,,,,0.3969994878902811,,,
09_006,,,,0.3708422014712751,,,
09_007,,,,0.35482715816594523,,,
09_008,-0.4571392329224981,,,0.3125415416338971,,,
09_009,-0.5736913000605812,,,,,,
09_010,-0.6573931540531922,,-0.19175162507088545,,,,
09_011,-0.7623615854549511,,-0.2368356780918973,,,,
09_013,-0.7651442064218199,,-0.28121242784198286,,,,
09_014,-0.7122883301315914,,-0.26648126454736615,,,,
09_015,-0.6358278763076266,,-0.2521784159428496,,,,
09_016,-0.6089971575465207,,-0.17820405780174764,,,,
09_017,-0.6430647769440722,,-0.21027459819311234,,,,
09_018,-0.6417024166951837,-0.3485169665019068,-0.2428251306710194,,,,
09_019,-0.6915568964781412,-0.3388730439962205,-0.2706411414165098,,,,
09_020,-0.7568183751286719,-0.3712062532823646,-0.23994664865733434,,,,
09_021,-0.7815165848077651,-0.3804627908438966,,,,,
09_022,-0.7241907539197207,-0.3579835868294197,-0.19544465865474364,,,,
09_023,-0.6980100219791283,,,,,,
09_024,-0.6567449055736146,,,0.3055241679840914,,,
09_025,-0.5962718225481224,,,0.32079473216249754,,,
09_026,-0.5390592344921519,,,0.32699280021797184,,,
09_027,-0.50793067030525,,,0.33083960390929285,,,
09_028,-0.43643073002235483,,,0.3464887681333731,,,
09_029,-0.42821110744990476,,,0.3422628122184581,,,
09_030,,,,0.34572811131411324,,,
09_031,,,,0.3570355673516351,,,
09_032,,,,0.3647904325728522,,,
09_033,,,,0.34131483628816545,,,
09_034,-0.42611693466846373,,,0.3076385817594383,,,
09_035,-0.48837167955897953,,,0.29883973583892,,,
09_036,,,,0.32034785521199327,,,
09_037,,,,0.33552825869085595,,,
09_038,-0.4573068395185265,,,0.332182004445352,,,
09_039,-0.5003805117117656,,,0.31949738146347,,,
09_040,-0.5584383643775153,,,0.29414472608211767,,,
09_041,-0.6049758650420209,,,0.29608515789585343,,,
09_042,-0.6400692931469444,,,0.30395205856119234,,,
09_043,-0.6447479956115034,,,,,,
09_044,-0.6811132148372652,,,,,,
09_045,-0.7007478559308873,,,,,,
09_046,-0.7370157952142758,,,,,,
09_047,-0.742745252427127,,,,,,
09_048,-0.7688052482888658,,,,,,
09_049,-0.8043239405010056,,,,,,
09_050,-0.8011992167122425,,,,,,
09_051,-0.7911959863681586,-0.3394556892314524,,,,,
09_052,-0.830257457946118,-0.38576033734878434,,,,,
09_053,-0.8214334455068876,-0.374244582826633,,,,,
09_054,-0.8408796519022452,,,,,,
09_055,-0.9085197801011677,-0.3383901471504324,,,,,
09_056,-1.0219485445382461,-0.3615041088613104,,,,,
09_057,-1.101837701272182,-0.337755715854431,,,,,
09_058,-1.0225189325291866,,-0.27338284043355054,,,,
09_059,-0.9692115399086072,-0.3434675760406073,-0.25306924489680127,,,,
09_060,-0.9191810691503456,-0.37375739723415263,,,,,
09_061,-0.7969820810012295,-0.32301147938124053,-0.28573314412802425,,,,
09_062,-0.7840283753457485,,-0.3353967993409814,,,,
09_063,-0.8269716412707829,,-0.37232599308323655,,,,
09_064,-0.8964199789119813,,-0.34242049768574523,,,,
09_065,-1.0882807143225477,,-0.2804561865550064,,,,
09_066,-1.072085273432264,,-0.2883479634501998,,,,
09_067,-1.174200247512378,,-0.2441974291211456,,,,
09_068,-1.2549875585002854,,,,,,
09_069,-1.1696618947870498,-0.32770601225254603,,,,,
09_070,-1.1024151676332452,-0.33180627875532115,,,,,
09_071,-0.9816354781094683,-0.3221218640643415,,,,,
09_072,-1.1212102482217192,-0.3201865844267421,,,,,
09_073,-1.2023420634216295,,,,,,
09_074,-1.1393296871166607,,,,,,
09_075,-0.9635835455193164,,,,,,
09_076,-0.9108443645502653,,,,,,
09_077,-1.048771114069669,,,,,,
09_078,-1.1058310005322602,,,,,,
09_079,-1.0161545025968581,,,,,,
09_080,-1.171459534234458,,,,,,
09_081,-1.2531078171606311,,,,,,
09_082,-1.2518710580823165,,,,,,
09_083,-1.2834843436071774,,,,,,
09_084,-1.2487189003103942,,,,,,
09_085,-1.1802060456196932,,,,,,
09_086,-1.2385283519480015,,,,,,
09_087,-1.1531712251728716,,,,,,
09_088,-0.9889348550850594,,,,0.21130039647268475,,
09_089,-1.1402486135307954,,,,,,
09_090,-0.9293254515254838,,-0.26137963095624006,,,,
09_091,-1.061333153344157,,-0.26401527426781,,,,
09_092,-0.8678082504301852,,-0.3243403082631283,,,,
09_093,-0.8003935008821416,,-0.3090239404365929,,,,
09_094,-0.6991575855860696,,-0.3415225695704595,,,,
09_095,-0.7326204368152954,,-0.29246534065085567,,0.22494852404603624,,
09_156,-0.9291106322022786,-0.36088884303504526,,,,,
10_001,-0.8790776963907952,,,,0.23921666328267385,,
10_002,-0.8191315576046405,,,,0.26182141104819956,,
10_003,-1.0083274949987084,,,,0.25630615963937897,,
10_004,-1.0966203059536044,,,,0.22130805264945927,,
10_005,-1.0711630273814239,,,,0.25412475964921305,,
10_006,-1.0101553658909788,,,,0.279135452713243,,
10_007,-0.908888034736574,,,,0.29558132366994805,,
10_008,-0.8177673263211201,,,,0.32643193094728673,,
10_009,-0.8814922393201683,,,,0.33023454996850815,,
10_010,-0.9360053736177527,,,,0.31661265517322684,,
10_011,-0.8376736689663615,,,,0.34800894783314584,,
10_012,-0.8506352650266309,,,,0.3497967995143511,,
10_013,-0.9054414022553455,,,,0.3310730183892497,,
10_014,-0.7630763155706,,,,0.32659066312738244,,
10_015,-0.778271513793113,,,,0.34423171046015427,,
10_016,-0.7036912371375615,,,,0.34716211708412653,,
10_017,-0.6839370825375062,,,,0.34274126269868904,,
10_018,-0.6590859263652354,,,,0.3362362713955758,,
10_019,-0.7197729977688001,,,,0.3117682169286527,,
10_020,-0.7855780438965878,,,,0.30952154271060806,,
10_021,-0.8783778331383155,,,,0.31270420780401115,,
10_022,-0.952210750517803,,,,0.29481176042397367,,
10_023,-0.8113291849433725,,,,0.29483737534274596,,
10_024,-0.7756702221044982,,,,0.28127939036961597,,
10_025,-0.6708226747192929,,,,0.3036353606732651,,
10_026,-0.601066410488398,,-0.29827121125902567,,0.28974661228115456,,
10_027,-0.6021170179501595,,-0.3033101988493685,,0.2598970438785475,,
10_028,-0.7087311878668435,,-0.2665498415436218,,0.2488163241733019,,
10_029,-0.5722742138243158,,-0.33588415185697124,,0.22862404515616214,,
10_030,-0.5032891458566637,,-0.356570228919525,,,,
10_031,-0.4879455304776213,,-0.33898664405082346,,0.2485999518711493,,
10_032,,,-0.35634047871874697,,0.272080034572681,,
10_033,,,-0.353735830340993,,0.2381731608142751,,
10_034,,,-0.35578693869427247,,,,
10_035,,,-0.3438316373222583,,,,
10_036,,,-0.3582297929447442,,0.2570145014804036,,
10_037,,,-0.3688308024861161,,0.30009818954399925,,
10_038,-0.49071905011319167,,-0.3471207170034349,,0.3044558873480462,,
10_039,-0.5837445581284254,,-0.316319404041127,,0.32220737806141253,,
10_040,-0.5865529903556729,,-0.3053021797416485,,0.3465333947826302,,
10_041,-0.5266370406870993,,-0.3343066217880605,,0.35452009342315643,,
10_042,-0.3354567775674507,,-0.3816870418569773,,0.3175169522768007,,
10_043,,,-0.34080469433379684,,0.32430146342322913,,
10_044,-0.30932914170260434,,,,0.356784716046225,,
10_045,,,,,0.38635049576791775,,0.3828163871766413
10_046,,,,,0.40873767904594765,,0.4532506144000409
10_047,-0.32268995000482414,,,,0.403241441496323,,0.3944737795670973
10_048,-0.3488327668531095,,,,0.3854254382844416,,
10_049,-0.33614765742346436,,,,0.3718823827071654,,
10_050,-0.3372261999596421,,,,0.36605068072141655,,
10_051,-0.35159926706795636,,,,0.38419066242698197,,
10_052,,,,,0.31726289619196923,,
10_053,,,,,0.34914777738214925,,
10_054,-0.3423154240927972,,,,0.4007521508986962,,
10_055,,,,,0.33736417708071825,,
10_056,,,,,0.2489578095714395,,
10_057,,,,,,,
10_058,,,-0.3077767753462622,,,,
10_059,,,-0.24855972453977368,,,,0.16693960285344062
10_060,,,-0.28177034146985286,,,,
10_061,,,-0.27102887477001814,,,,
10_062,,,-0.28133213029359333,,,,
10_063,,,-0.27773782943308645,,,,
10_064,,,-0.2794020592053511,,,,
10_065,,,-0.2795309567694871,0.2271489444188058,,,
10_066,,,-0.30463605666051313,,,,
10_067,,,-0.33326606305029993,,,,
10_068,,,-0.3084732227671343,,,,
10_069,,,-0.2699462405423005,0.24936656623829934,,,
10_070,,,-0.2751538007131057,0.23503379382636144,,,
10_071,,,-0.27824015640465793,,,,
10_072,,,-0.27233791393050377,,,,
10_073,,,-0.27081921255530894,0.2264202535908165,,,
10_074,,,-0.270860827135619,0.2348585380706904,,,
10_075,,,-0.26595672994514014,0.23993596499933997,,,
10_076,,,-0.2589254771376786,0.2410603963370847,,,
10_077,,,-0.2625508842747385,0.22671511043964335,,,
10_078,,,-0.26893728952463997,,,,
10_079,,,-0.2583763742121179,,,,
10_080,,,-0.2513092218266901,,,,
10_081,,,-0.260846903273455,,,,
10_082,,,-0.2815776043385506,,,,
10_083,,,-0.28944079529444855,,,,
10_084,,,-0.27677109267266503,,,,
10_085,,,-0.2943104333431623,,,,
10_086,,,-0.3009231326059419,,,,
10_087,,,-0.3085180906842348,,,,
10_088,,,-0.31077553580150613,,,,
10_089,,,-0.27754409987159206,,,,
10_090,,,-0.27179183642531607,,,,
10_091,,,-0.26825435336332787,,,,
10_092,,,-0.2608689482466766,,,,
10_093,,,-0.26126643149100753,,,,
10_094,,,-0.2531627655555209,0.24636986367009509,,,
10_095,,,-0.2597047390697744,0.2524473313649129,,,
10_096,,,-0.2859114046791464,0.24285777926097124,,,
10_097,,,-0.3495681619290885,,,,
10_098,,,-0.35950726669877375,,0.2540193246030073,,
10_099,,,-0.32384336320554324,,,,
10_100,,,-0.29372339967962807,0.23578590138244784,,,
10_101,,,-0.27327864191217033,0.2427302382042722,,,
10_102,,,-0.2924070802471627,,,,
10_103,,,-0.28541247116536933,0.217946012734259,,,
10_104,,,-0.2898137522118105,0.22631401995861256,,,
10_105,,,-0.3073041924313682,,,,
10_106,,,-0.3143103034911359,,,,
10_107,,,-0.33362448345000195,,,,
10_108,,,-0.3422358405122385,,,,
10_109,,,-0.33535539551076166,,,,
10_110,,,-0.3630071343800346,,,,
10_111,,,-0.37936597070173356,,,,
10_112,,,-0.37293113320281496,,,,
10_113,-0.5241835155856152,,-0.37844966842088357,,,,
10_114,-0.4831708269349812,,-0.38730587821188195,,,,
10_115,-0.5528810243198097,,-0.3899814289278477,,,,
10_116,-0.6112286446123627,,-0.3849042437798564,,,,
10_117,-0.4753727303197028,,-0.3764895163824201,,,,
10_118,,,-0.3703273357336245,,,,
10_119,,,-0.3762398409243954,,,,
10_120,,,-0.3472148860312871,,,,
10_121,,,-0.3169240752392803,,,,
10_122,,,-0.3064540358403743,,,,
10_123,,,-0.30320123090846834,,,,
10_124,,,-0.3074697718046768,,,,
10_125,,,-0.31311816230610817,,,,
10_126,,,-0.3258738424095894,,,,
10_127,,,-0.3205076272821623,,,,
10_128,,,-0.3375563074307901,,,,
10_129,,,-0.33688612850999816,,,,
10_130,-0.446665746321552,,-0.3520329194419112,,,,
10_131,,,-0.3610440823735985,,,,
10_132,-0.4737283530467379,,-0.36321228306394837,,,,
10_133,-0.5753465397627989,,-0.3713257317459132,,,,
10_134,-0.6296765256552594,,-0.3741027659361272,,,,
10_135,-0.639088780059896,,-0.3509427006663339,,,,
10_136,-0.6081328607102763,,-0.3547360455246985,,,,
10_137,-0.6425827092894479,,-0.3268575082493069,,,,
10_138,-0.599181734048305,,-0.34881737711925553,,,,
10_139,-0.510827557012721,,-0.3528097039804801,,,,
10_140,,,-0.33813214800039726,,,,
10_141,,,-0.32206213347743506,,,,
10_142,,,-0.3279817749351825,,,,
10_143,-0.4982828574424836,,-0.33534203556749387,,,,
10_234,-0.44186442422260247,,-0.3748245776592732,,0.32778097395654116,,
10_235,,,-0.24918504590423726,0.235995555189267,,,
10_236,,,-0.2506068719129728,0.24006261306889287,,,
10_237,,,-0.29198358277109715,,,,
