Tag,Distance_Center,Education_University,Nationality_Spain,Nationality_Italy,Nationality_UK,POI_Restaurants_Hotels,Percentage_Age_65_Plus,Percentage_Age_0_14,POI_Daily_Others,POI_Clothing,Intercept
01_001,,,,,,0.2902849246959908,,,,,
01_002,,,,,,0.2779184919230287,,,,,
01_003,,,,,,0.26593051676063223,,,,,
01_004,,,,,,0.2542221015555709,,,,,
01_005,,,,,,0.27296318696616845,,,,,
01_006,,,,,,0.27001786837446173,,,,,
01_007,,,,,,0.2581053052593426,,,,,
01_008,,,,,,0.250396123176601,,,,,
01_009,,,,,,0.24409813598773517,,,,,
01_010,,,,,,0.24779057470430293,,,,,
01_011,,,,,,0.24350033692851364,,,,,
01_012,,,,,,0.24157947868464735,,,,,
01_013,,,,,,0.24523567992683212,,,,,
01_014,,,,,,0.2476019257814674,,,,,
01_015,,,,,,0.2425455432828885,,,,,
01_016,,,,,,0.24483658035103475,,,,,
01_017,,,,,,0.24645635949335742,,,,,
01_018,,,,,,0.25328447347574184,,,,,
01_019,,,,,,0.2649414019555679,,,,,
01_020,,,,,,0.26759938108384806,,,,,
01_021,,,,,,0.26321052393077427,,,,,
01_022,,,,,,0.2970122173274841,,,,,
01_023,,,,,,0.31795371827070434,,,,,
01_025,,,,,,0.31794147518135946,,,,,
01_026,,,,,,0.3294636182673636,,,,,
01_027,,,,,,0.31576015418328346,,,,,
01_028,,,,,,0.2927542981007244,,,,,
01_029,,,,,,0.2967886604891763,,,,,
01_030,,,,,,0.3148368014324652,,,,,
01_031,,,,,,0.3200453963998591,,,,,
01_032,,,,,,0.32942108846814605,,,,,
01_033,,,,,,0.3472636589220492,,,,,0.48330759488607067
01_034,,,,,,0.3489578545782282,,,,,0.46615221051282124
01_035,,,,,,0.350625267615402,,,,,0.45593132997939734
01_036,,,-0.29731540451403166,,,0.34158332516762685,,,,,0.3913479120473959
01_037,,,,,,0.3537170622341444,,,,,0.45939691699767093
01_038,,,,,,0.35124122062433427,,,,,0.4645746890793473
01_039,,,,,,0.35035467498746553,,,,,0.47199924298404955
01_040,,,,,,0.35172142713303434,,,,,0.4862772774790005
01_041,,,,,,0.3532143085045054,,,,,0.47101577244180093
01_042,,,,,,0.35627040265028126,,,,,0.4633598586658983
01_043,,,,,,0.35111222790595464,,,,,0.43741323023620315
01_044,,,,,,0.3532307439541421,,,,,0.49405664618689776
01_045,,,,,,0.3482908948941101,,,,,0.5141690426686587
01_046,,,,,,0.34049397923385993,,,,,0.5128941568130283
01_047,,,,,,0.33727932161380625,,,,,0.5006818803194115
01_048,,,,,,0.34609479386018593,,,,,0.5123394913467442
01_049,,,,,,0.33716373415211526,,,,,0.4966956714562769
01_050,,,,,,0.3345354560457972,,,,,0.4875826839212182
01_051,,,,,,0.34123062530308806,,,,,0.5086398097327115
01_052,,,,,,0.33643595684318056,,,,,0.5044127161807473
01_053,,,,,,0.3460049740207254,,,,,0.5074306827867318
01_054,,,,,,0.34950425339781327,,,,,0.504373307339011
01_055,,,,,,0.3408870652577534,,,,,0.4619233071876013
02_001,,,,,,0.3210458873219111,,,,,0.3842218515730003
02_002,,,,,,0.32051432427964477,,,,,0.4036950336499031
02_003,,,-0.2938452509624743,,,0.3126527642238734,,,,,0.34163800712821096
02_004,,,,,,0.31029316554635866,,,,,0.35162248475130403
02_005,,,,,,0.31711075741061767,,,,,0.40435593119598434
02_006,,,,,,0.3268394991829544,,,,,0.457901489729561
02_007,,,,,,0.3103190035176586,,,,,0.4166124297928242
02_008,,,,,,0.3030589341558906,,,,,0.3502656648044583
02_009,,,,,,0.3020283405171866,,,,,0.31150436652716323
02_010,,,-0.2968447760672324,,,0.29309714096329775,,,,,0.27291595720639356
02_011,,0.2863392533795235,-0.31340324430881084,,,0.30467689502700757,,,,,0.28993629766814205
02_012,,0.2859057431186761,-0.32114442624848893,,,0.3069903171289503,,,,,0.29576479589297056
02_013,,0.3234481143854276,-0.32865520917817914,,,0.295902151631954,,,,,0.23713937263743387
02_014,,0.3363330881862543,-0.30833517255580306,,,0.27330301873399304,,,,,0.20150829450367297
02_015,,,-0.2877639693754849,,,0.2724522133945372,,,,,0.2254066439647432
02_016,,,,,,0.2829191229451738,,,,,0.27888205478222805
02_017,,,,,,0.2852235790024932,,,,,0.3282026706935697
02_018,,,,,,0.25251303575200956,,,,,0.25250762935088716
02_019,,,,,,0.2667726287882759,,,,,0.2655502149032151
02_020,,,,,,0.2657399511184799,,,,,0.2420265679024874
02_021,,,-0.27511672586196984,,,0.25458685935017283,,,,,0.19142500370158932
02_022,,0.3568957539511767,-0.29784987385264317,,,0.25265961452752855,,,,,0.16534090614886787
02_023,,0.3509552087425803,-0.27804496053157246,,,0.24257868500381005,,,,,
02_024,,,,,,0.24848097093678043,,,,,0.19825924973091952
02_025,,,,,,0.22843957810178728,,,,,
02_026,,,,,,0.22539710700205517,,,,,
02_027,,,,,,0.20722437114662604,,-0.18278156164298093,,,
02_028,,,,,,0.21482147930946544,,,,,
02_029,,,-0.25669208169830504,,,0.2268974597333484,,,,,
02_030,,0.3849893693769134,-0.26782202442875114,,,0.22582036220874377,,,,,
02_031,,0.38551822975984235,,,,0.2134049863137205,,,,,
02_032,,,,,,0.20476100155385168,,,,,
02_033,-0.3881571835688482,,,,,0.19602984817132796,,,,,
02_034,-0.3886506751889454,,,,,0.19653782098039763,,-0.19192225031667448,,,
02_035,-0.39284556591832875,,,,,0.19719997181914511,,-0.21473470124781371,,,
02_036,-0.3998612191635683,,,,,0.1877932510695295,,-0.21550123207589633,,,
02_037,-0.4090537396378934,,,,,0.18728852295729978,,-0.18271407786561036,,,
02_038,-0.43026868108383,,,,,0.1903556163621446,,,,,
02_039,,,,,,,,-0.20649927675934504,,,
02_040,,,,,,,,-0.1921541016710496,,,
02_041,,,,,,,,-0.23149256363061377,,,
02_042,-0.40196376362212155,,,,,,,-0.2519134348958326,,,
02_043,-0.43519593740799895,,,,,,,-0.2565007293034751,,,
02_044,-0.42596747025707,,,,,,,-0.25682661709253457,,,
02_045,-0.40510209953348164,,,,,,,-0.2501216265571027,,,
02_046,,,,,,,,-0.238922784925873,,,
02_047,-0.3975737315287712,,,,,,,-0.2396777040663382,,,
02_048,-0.41351394916153766,,,,,,,-0.2508839203359718,,,
02_049,-0.3869183653318381,,,,,0.20160427178254148,,-0.2275393096217083,,,
02_050,,,,,,0.22932716495585054,,-0.16939242353856876,,,
02_051,,,,,,0.2315664475842863,,-0.17780944562820097,,,
02_052,,,,,,0.22141161843934706,,-0.2011205319814725,,,
02_053,-0.3317997026386277,,,,,0.21668817656172928,,-0.21248349875282516,,,
02_054,-0.40863277612270804,,,,,,,-0.24830156348338198,,,
02_055,-0.4103765121781187,,,,,,,-0.24571939011103003,,,
02_056,-0.3345870112395231,,,,,0.21201678451471662,,-0.21533956476044838,,,
02_057,-0.3626757192025149,,,,,,,-0.2150991807649642,,,
02_058,-0.4102857547157798,,,,,,,-0.2125075564647081,,,
02_059,-0.3541504473429925,,,,,,,,,,
02_060,-0.34882723165692897,,,,,,,-0.1853665717071115,,,
02_061,,,,,,0.23458041709242505,,-0.1664966882853109,,,
02_062,,,,,,0.22259865342522062,,-0.17334994744834958,,,
02_063,,,,,,0.20926218884851336,,,,,
02_064,,,,,,0.23426979871997927,,,,,
02_065,,,,,,0.2527965593082531,,,,,
02_066,,,,,,0.2568213578831776,,,,,0.300876246614692
02_067,,,,,,0.2757636354548141,,,,,0.3451025978761654
02_068,,,,,,0.2932800898633853,,,,,0.3809396784003293
02_069,,,,,,0.2777186904378069,,,,,0.3870351027398472
02_070,,,,,,0.2736611153444485,,,,,0.38830724368342867
02_071,,,,,,0.28681845867640876,,,,,0.42918953075101635
02_072,,,,,,0.3014907332309105,,,,,0.4657738012876609
02_073,,,,,,0.32088682482872455,,,,,0.4806607097272397
02_074,,,,,,0.3348908415405385,,,,,0.49744669559095556
02_075,,,,,,0.33576670394698577,,,,,0.5073146715691194
02_076,,,,,,0.32456967576439927,,,,,0.5015266266418497
02_077,,,,,,0.29894173198964846,,,,,
02_078,,,,,,0.2801275085264663,,,,,
02_079,,,,,,0.26290724239948937,,,,,
02_080,,,,,,0.23894510419124998,,,,,
02_081,,,,,,0.2373155109731652,,,,,
02_082,,,,,,,,,,,
02_083,,,,,,0.22151336134719848,,,,,
02_084,,,,,,0.2512934226203811,,,,,
02_085,,,,,,0.252810450190738,,,,,
02_086,-0.38781210153065243,,,,,0.27748867581049536,,,,,
02_087,-0.3701111580645131,,,,,0.26574073783075686,,,,,
02_088,,,,,,0.2510360136431332,,,,,
02_089,,,,,,0.248839981439842,,,,,
02_090,,,,,,0.24877026509138775,,,,,
02_091,,,,,,0.25483793552428347,,,,,
02_092,,,,,,0.24695990009591762,,,,,
02_093,-0.35448610281247767,,,,,0.24587562732927404,,,,,
02_094,-0.35646400126811006,,,,,0.24186246887110183,,,,,
02_095,-0.35516990529990566,,,,,0.24300698300811366,,,,,
02_096,-0.35959270308344243,,,,,0.2472074871893585,,,,,
02_097,-0.3620575781593999,,,,,0.2568605751723495,,,,,
02_098,-0.3645419007104944,,,,,0.2549557826085055,,,,,
02_099,-0.3741261941114111,,,,,0.2640519917889896,,,,,
02_100,-0.3830950238040407,,,,,0.2745304297104401,,,,,
02_101,-0.39896520891217124,,,,,0.27951485239792306,,,,,
02_102,-0.40283650178618646,,,,,0.27832709278876505,,,,,
02_103,-0.4512282223366543,,,,,0.2986736840961437,,,,,
02_104,-0.5255057813029871,,,,,0.30621019678516587,,,,,
02_105,-0.45423686050155176,,,,,0.29401600090820035,,,,,
02_106,-0.44483676800070077,,,,,0.2872197411405172,,,,,
02_107,-0.5047207046596444,,,,,0.2931442361455026,,,,,
02_108,-0.5658916551795888,,,,,0.2982938999089727,,,,,
02_109,-0.6185709142864879,,,,,0.29652419527798457,,,,,
02_110,-0.6008991158887524,,,,,0.3030172774134234,,,,,
02_111,-0.6483183601264901,,,,,0.29027247761081254,,,,,
02_112,-0.61862421087285,,,,,0.2729143913122303,,,,,
02_113,-0.62309156416916,,,,,0.28364663295869114,,,,,
02_114,-0.5977863481259783,-0.287928124473999,,,,0.2814274186448015,,,,,
02_115,-0.53673848023583,-0.27248572844013874,,,,0.28533021817770093,,,,,
02_116,-0.5063356671707213,,,,,0.29835761270350625,,,,,
02_117,-0.4763070827078038,,,,,0.30426044687194337,,,,,
02_118,-0.4047278133948406,,,,,0.2878945974558618,,,,,
02_119,-0.445190957328763,,,,,0.2924479499047509,,,,,
02_120,-0.4691364854981124,,,,,0.28082113097923017,,,,,
02_121,-0.4094182131803641,,,,,0.27873214665105966,,,,,
02_122,-0.4965224419441793,-0.2802356261359449,,,,0.2630440461121257,,,,,
02_123,-0.5539331895008325,-0.2937193284902507,,,,0.26724212341351944,,,,,
02_124,-0.5775047332284038,-0.2967016662869579,,,,0.2546214855388701,,,,,
02_125,-0.5690403222273392,-0.2784177146877828,,,,0.2512820944570247,,,,,
02_126,-0.5280856334809235,-0.28275445338054744,,,,0.22563678091049047,,,,,
02_127,-0.5304820146920692,-0.29520816973723685,,,,0.2203486173014062,,,,,
02_128,-0.5049170869341081,-0.2902248949438283,,,,0.2443506010002532,,,,,
02_129,-0.519087431409318,-0.29768598272444663,,,,0.21333991485335663,,,,,
02_130,-0.4752749459249166,-0.2689370346858901,,,,0.1861938969584827,,,,,
02_131,-0.4468260095618743,-0.2619551811480883,,,,0.19258256059037265,,,,,
02_132,-0.45166805769400037,-0.2803068822925269,,,,0.20643191154382806,,,,,
02_133,-0.49444774396276814,-0.2897205303391407,,,,0.2024418529445204,,,,,
02_134,-0.4797522752191262,-0.2871962083435246,,,,0.22206914562431532,,,,,
02_135,-0.41183849959006785,-0.2649957620925613,,,,0.2337086436463021,,,,,
02_136,-0.4502741735673335,-0.27372580155796705,,,,0.2411316294822891,,,,,
02_137,-0.39201556479146604,,,,,0.2578347037965269,,,,,
02_138,-0.36982298949996567,,,,,0.27070500553412136,,,,,
02_139,-0.35973952030647727,,,,,0.26318862231940116,,,,,
02_140,-0.34631000830467257,,,,,0.2597666571820435,,,,,
02_141,-0.34848113570697575,,,,,0.2514059993290556,,,,,
02_142,-0.3275769117629007,,,,,0.2481633707469175,,,,,
02_143,-0.34169222185454856,,,,,0.24991490546783773,,,,,
02_144,-0.3354424853877608,,,,,0.24300409459489947,,,,,
02_145,-0.31720304746496003,,,,,0.24302258848984123,,,,,
02_146,-0.3128890351117206,,,,,0.23826395731700514,,,,,
02_147,-0.3420525193234212,,,,,0.24091146036519406,,,,,
02_148,-0.37247548357201177,-0.25436385128899963,,,,0.21937890008756888,,,,,
02_149,-0.3134818714829403,,,,,0.22811039926069485,,,,,
02_150,,,,,,0.23054962186236982,,,,,
02_151,-0.2971743869304623,,,,,0.2347241711422771,,,,,
02_152,-0.3041343982909087,,,,,0.23776474203210182,,,,,
02_153,-0.299751255679158,,,,,0.23759686408660022,,,,,
02_154,,,,,,0.2357012041899576,,,,,
02_155,,,,,,0.23661237183058875,,,,,
02_156,,,,,,0.23577194218246106,,,,,
02_157,,,,,,0.23584532710174452,,,,,
02_158,,,,,,0.23720922575282913,,,,,
02_159,-0.31147533158065854,,,,,0.23987925679857328,,,,,
02_160,-0.33111147211042535,,,,,0.2385857008278692,,,,,
02_161,,,,,,0.2357757034728234,,,,,
02_162,,,,,,0.2360027032601033,,,,,
02_163,-0.35461759097878287,,,,,0.23781946411469695,,,,,
02_164,,,,,,0.24409647636929105,,,,,
02_165,,,,,,0.23783442274431565,,,,,
02_166,,,,,,0.2374863332787474,,,,,
02_167,,,,,,0.23505893389134438,,,,,
02_168,,,,,,0.23676783289965464,,,,,
02_169,,,,,,0.24053590889661425,,,,,
02_170,,,,,,0.24412562987779615,,,,,
02_171,,,,,,0.23967440774708193,,,,,
02_172,,,,,,0.23866512322093705,,,,,
02_173,,,,,,0.23646978080620384,,,,,
03_001,,,,,,0.23612583278457674,,,,,
03_002,,,,,,0.23564897947350047,,,,,
03_003,,,,,,0.2358328796346904,,,,,
03_004,,,,,,0.23478800270907296,,,,,
03_005,,,,0.2859596434667243,,0.2358221896777033,,,,,
03_006,,,,,,0.23664131107959321,,,,,
03_007,,,,,,0.23659384798289707,,,,,
03_008,,,,,,0.23726788889945097,,,,,
03_009,,,,,,0.23724933050036057,,,,,
03_010,,,,,,0.23934693888622782,,,,,
03_011,,,,,,0.23924237680520213,,,,,
03_012,,,,,,0.2414558902311023,,,,,
03_013,,,,,,0.24236562340487952,,,,,
03_014,,,,,,0.24417490038594014,,,,,
03_015,,,,,,0.24521654665216072,,,,,
03_016,,,,,,0.25229472787103613,,,,,
03_017,,,,,,0.24802152463085184,,,,,
03_018,,,,,,0.25431709213088055,,,,,
03_019,,,,,,0.2614688013377374,,,,,
03_020,,,,,,0.2752338325256557,,,,,
03_021,,,,,,0.2659128406168881,,,,,
03_022,,,,,,0.2585438561985061,,,,,
03_023,,,,,,0.2444952525770374,,,,,
03_024,,,,0.29606764119566287,,0.2536578488482302,,,,,0.24375064612923134
03_025,,,,,0.24749568151905266,0.3088262097193272,,,,,0.3685772248737397
03_026,,,,,0.24216828555572872,0.2312935094503136,,,,,0.28206933226434056
03_027,,,,,0.2377815071099232,0.2184689090336529,,,,,0.26929694343614186
03_028,,,,,0.23328117819422353,0.20888053858254677,,,,,0.26206582299435227
03_029,,,,,0.2379402890878899,0.2272663460593292,,,,,0.28283364330105254
03_030,,,,,0.23796236517433772,0.24072300820789022,,,,,0.2986134667327972
03_031,,,,,0.23246122799823365,0.25149007803303985,,,,,0.3161625313747284
03_032,,,,,0.22954121577708728,0.26530370064212244,,,,,0.3342231495381434
03_033,,,,,0.2303626428026961,0.23689945765196835,,,,,0.3013213679868865
03_034,,,,,0.2333502517613085,0.24050309523434057,,,,,0.30305318985680024
03_035,,,,,0.23215026413795015,0.22127184408907302,,,,,0.28076881783753627
03_036,,,,,0.22583804844182376,0.1963597533914618,,,,,0.24720216695697492
03_037,,,,,0.2305704104524806,0.2212730676142712,,,,,0.2790074985232329
03_038,,,,,0.22062198837196956,0.24483610738551925,,,,,0.3129319992365861
03_039,,,,,0.22653122541310025,0.21430348523766557,,,,,0.2701854007634058
03_040,,,,,0.22051353756545883,0.2003613675752059,,,,,0.2449080016026959
03_041,,,,,0.21421589008887074,0.1982602081393742,,,,,0.2349109282323139
03_042,,,,,0.19956503146424898,0.21244334569636247,,,,,0.23172756674744538
03_043,,,,,0.20645564787332116,0.1996786995131646,,,,,0.22764262378806252
03_044,,,,,0.19085674426811094,0.20132490065144631,,,,,0.20227370099054495
03_045,,,,0.29649223041279904,,0.2233517399204886,,,,,0.20574541259733842
03_046,,,,,,0.210631199661291,,,,,0.1846169513589288
03_047,-0.3348341352661167,,,,,0.19874821982162086,,,,,
03_048,-0.41829059861828083,,,,,,,,,,
03_049,-0.3549803290382242,,,,,,,,,,
03_050,,,,,,,,,,,0.15127628753684433
03_051,,,,,0.19133389179405352,,,,,,0.1747548543146367
03_052,,,,,0.18582789115943912,,,,,,0.16969740101634992
03_053,,,,,,0.19662978599695397,,,,,
03_054,,,,,,0.19493954857566764,,,,,0.17876067458132658
03_055,,,,,0.19721026709757453,0.18764546765067358,,,,,0.19773423650826413
03_056,,,,,0.20466671326191577,0.18942514352336556,,,,,0.21042389483750137
03_057,,,,,0.20112247301931935,0.17396994037878483,,,,,0.19242765949040985
03_058,,,,,0.21169940337953025,0.18290287918167678,,,,,0.21507574066331592
03_059,,,,,0.21352371375762685,0.18105042658344872,,,,,0.21644921287303928
03_060,,,,,0.20696272390187367,0.17237448462059088,,,,,0.20300807440937482
03_061,,,,,0.21383495274021908,0.17942502560864984,,,,,0.21607010979623245
03_062,,,,,0.20708268190361556,0.17199943953943173,,,,,0.20592552769113498
03_063,,,,,0.21558789937900077,0.17953355368632368,,,,,0.22042901719894506
03_064,,,,,0.22222493745412797,0.18657519083349966,,,,,0.23144576548461523
03_065,,,,,0.21780580456992382,0.18202488316575152,,,,,0.22321319073459864
03_066,,,,,0.20872792434737986,0.17701182581557812,,,,,0.20850766946139562
03_067,,,,,0.20919283810980693,0.17629720838892388,,,,,0.20886575731174783
03_068,,,,,0.2001396830115465,0.17097379035872584,,,,,0.19680904144582262
03_069,,,,,0.19097587159409962,0.1714783646128806,,,,,0.1845408947605259
03_070,,,,,,0.1712712475124055,,,,,0.16450609342195974
03_071,,,,,,0.17163119023339907,,,,,0.15557950177937485
03_072,,,,,,0.17358389747464625,,,,,0.14597787175435528
03_073,,,,,,0.16993388617385094,,,,,0.13144708737284358
03_074,,,,,,0.17540397357137924,,,,,0.12358064354550413
03_075,,,,,,0.1809974167522321,,,,,0.12826497267738257
03_076,,,,,,0.18715964286214903,,,,,
03_077,,,,,,0.18773069653713118,,-0.14568800840873047,,,
03_078,,,,,,0.18182325618620634,,,,,
03_079,,,,,,0.18960783152719496,,-0.15596644145193034,,,
03_080,,,,,,0.19420483218880694,,-0.16301230655087642,,,
03_081,,,,,,0.18868539137039803,,-0.16228897573123435,,,
03_082,,,,,,0.18309377872293917,,-0.1593987861790514,,,
03_083,,,,,,0.17764233099899485,,-0.14479243770147507,,,
03_084,,,,,,0.17616863143580772,,-0.14781193180620744,,,
03_085,,,,,,0.17933214906487743,,-0.15905402166086863,,,
03_086,,,,,,0.17445600397501593,,-0.15812313902770528,,,
03_087,,,,,,0.17088388307209385,,-0.15599244225784786,,,
03_088,,,,,,0.16754731336823175,,-0.15036477223416128,,,
03_089,,,,,,0.16419823774475434,,,,,
03_090,,,,,,,,,,,0.1433977155996018
03_091,,,,,,,,,,,0.1362971548600848
03_092,,,,,,,,,,,
03_093,,,,,,0.170911229184518,,-0.14590419961951462,,,
03_094,,,,,,0.16688969691989675,,,,,
03_095,,,,,,0.1662025181325652,,,,,0.13967360865778505
03_096,,,,,,,,,,,0.151570743231638
03_097,,,,,,0.1666575168089189,,,,,0.1580111535311349
03_098,,,,,0.18538024596254532,0.16672715087235962,,,,,0.17748990258982753
03_099,,,,,0.1956148577324583,0.16562029991975577,,,,,0.18927363908443695
03_100,,,,,,0.16219744245705633,,,,,0.1675394468895952
03_101,,,,,0.18792999352113,,,,,,0.1773918963951852
03_102,,,,,0.1954120017786573,,,,,,0.18539800141886886
03_103,,,,,0.1951712319191199,,,,,,0.18119830504177778
03_104,,,,,0.18753742717299063,,,,,,0.17204280488567147
03_105,,,,,,,,,,,0.1550120394931879
03_106,,,,,,,,,,,
03_107,,,,,,0.1688861086947127,,,,,
03_108,,,,,,,,,,,0.1373979578263839
03_109,,,,,,0.16431243568769144,,,,,
03_110,,,,,,0.16909360420145236,,,,,
03_111,,,,,,0.1737593865204556,,,,,
03_112,,,,,,0.17891832031711513,,,,,
03_113,-0.42244081448111626,,,,,0.19225968552881842,,,,,
03_114,-0.48657669738275133,,,,,0.21550707385707668,,,,,
03_211,,,,,0.2330993321176868,0.23325299089317658,,,,,0.2937992689161601
03_212,,,,,0.23120067238506348,0.2096437682658093,,,,,0.2649209290532389
03_213,,,,,0.2286998364753385,0.2056140676781594,,,,,0.260683654044664
04_001,-0.44324706359216703,,,,,0.2147415505875721,,,,,
04_002,,,,,,0.19131727396170872,,,,,
04_003,-0.36685225903250196,,,,,0.19495171197663172,,,,,
04_004,,,,,,0.18209895408900734,,,,,
04_005,,,,,,0.1746121079328266,,-0.15774774452374962,,,
04_006,,,,,,0.17250949447105407,,-0.161366184496466,,,
04_007,,,,,,0.17536684270373248,,-0.16710795697282715,,,
04_008,,,,,,0.17485862279538653,,-0.1742336506000562,,,
04_009,,,,,,0.1762352093014335,,-0.18190861444413703,,,
04_010,,,,,,0.18002822180976805,,-0.19134015464962745,,,
04_011,,,,,,0.18905506614208956,,-0.1845051194864991,,,
04_012,,,,,,0.1983324840186892,,-0.17626054031633315,,,
04_013,,,,,,0.2147919584969818,,,,,
04_014,-0.4551245025681835,,,,,0.2385691336966415,,,,,
04_015,-0.3975903512327653,,,,,0.2142363542963573,,,,,
04_016,-0.49915422121659986,,,,,0.23729638390116337,,,,,
04_017,-0.5504521566052095,,,,,0.25951596768134877,,,,,
04_018,-0.6307137360314445,,,,,0.28492096658170263,,,,,
04_019,-0.6288403799516085,,,,,0.2890868385959998,,,,,
04_020,-0.5891954811134962,,,,,0.27648193574414565,,,,,
04_021,-0.5209443406278944,,,,,0.2660171575994644,,,,,
04_022,,,,,,0.22045092982907633,,-0.18632771902822712,,,
04_023,,,,,,0.21889040994042158,,-0.20020650531029527,,,
04_024,,,,,,0.20272048277798282,,-0.21042023431242418,,,
04_025,,,,,,0.1919864641155603,,-0.2013680778830499,,,
04_026,,,,,,0.18439030555604163,,-0.19786416940692736,,,
04_027,,,,,,0.18912459564007478,,-0.2076541438731932,,,
04_028,,,,,,0.18792909433848987,,-0.20599470388381766,,,
04_029,,,,,,0.1853996047438337,,-0.2041059080192444,,,
04_030,,,,,,0.18049939214611832,,-0.19412735532419556,,,
04_031,,,,,,0.17861556229121364,,-0.18682685102903476,,,
04_032,,,,,,0.17467866193574788,,-0.17058153120357616,,,
04_033,,,,,,0.17760431728185952,,-0.17262513945807334,,,
04_034,,,,,,0.17932442442211868,,-0.17976263945401905,,,
04_035,,,,,,0.1752481945290882,,-0.16956591257368514,,,
04_036,,,,,,0.18167268229578573,,-0.18062823884228327,,,
04_037,,,,,,0.1818866332745175,,-0.17033914895239644,,,
04_038,,,,,,0.18503617736774017,,-0.16934575432866333,,,
04_039,,,,,,0.18731762163384935,,-0.1776346092367646,,,
04_040,,,,,,0.18897101693508253,,-0.17011238060424347,,,
04_041,,,,,,0.19207544109091856,,-0.17643659687230662,,,
04_042,,,,,,0.19394732634231548,,-0.17211846539450706,,,
04_043,,,,,,0.19357012708862403,,-0.19032612913643812,,,
04_044,,,,,,0.19814401022999545,,-0.18722707113711184,,,
04_045,,,,,,0.19903837349325854,,-0.19030871248649836,,,
04_046,,,,,,0.1981016682816,,-0.19326538898165557,,,
04_047,,,,,,0.19521774751861493,,-0.19685781077682563,,,
04_048,,,,,,0.18538436291267296,,-0.19137981163229145,,,
04_049,,,,,,0.18834267728303378,,-0.19908278677537822,,,
04_050,,,,,,0.1954184689746161,,-0.21445265956404422,,,
04_051,,,,,,0.195174309054702,,-0.21585033019845035,,,
04_052,,,,,,0.1918377020927504,,-0.21349722873060387,,,
04_053,,,,,,0.19277085545726394,,-0.20941317058251213,,,
04_054,,,,,,0.1994420111691459,,-0.20157137869387431,,,
04_055,,,,,,0.19803910344060466,,-0.21972239595059206,,,
04_056,,,,,,0.21982980332520569,,-0.22192863669972945,,,
04_084,,,,,,0.18426079415255855,,-0.1946396536905692,,,
05_001,,,,,,0.26239447532241833,,-0.3178959652659598,,,
05_002,,,,0.2515982968096425,0.2594057477406613,,,-0.2807531060630014,,,
05_003,,,,,,0.24610858944972822,,-0.3012454153585881,,,
05_004,,,,,,0.2030919545564043,,-0.3043365010358425,,,
05_005,,,,,,0.22831737759636855,,-0.2631036509812926,,,
05_006,,,,,,0.20645347266397543,,-0.23203381639350443,,,
05_007,,,,,,0.21353841896879686,,-0.25655004094308426,,,
05_008,,,,,,0.2057689291601843,,-0.2590638453171497,,,
05_009,,,,,,0.20993777969828653,,-0.24536186670538998,,,
05_010,,,,,,0.20757706714825847,,-0.23819720589395865,,,
05_011,,,,,,0.2069886124468642,,-0.2351217597916252,,,
05_012,,,,,,0.207955011759705,,-0.2278286944583701,,,
05_013,,,,,,0.20496483652826714,,-0.23144795024219475,,,
05_014,,,,,,0.19970778372748,,-0.2230524482577889,,,
05_015,,,,,,0.20409856901096537,,-0.22413321004012388,,,
05_016,,,,,,0.20469180036177062,,-0.2214373569511456,,,
05_017,,,,,,0.1959634748377354,,-0.2184826092713393,,,
05_018,,,,,,0.20244740379114207,,-0.21826309377243275,,,
05_019,,,,,,0.20760222703587666,,-0.218108754431165,,,
05_020,,,,,,0.21913828097315272,,-0.21006056073535986,,,
05_021,-0.346314854038772,,,,,0.23288233368243394,,-0.1972789400136395,,,
05_022,,,,,,0.22196155731038705,,-0.21341767768787678,,,
05_023,,,,,,0.21356472236346188,,-0.2225645764344958,,,
05_024,-0.3225331717021774,,,,,0.22126198495969912,,-0.21590041305435104,,,
05_025,-0.38859466394416864,,,,,0.21239258457442944,,,,,
05_026,-0.40609464281171076,,,0.2667050316897251,,0.19032617521890116,,,,,
05_027,,,,,,0.2068477318915258,,-0.21887825992645343,,,
05_028,,,,,,0.206509813263319,,-0.2336085528511718,,,
05_029,,,,0.2510334741657982,,0.19978194415688313,,-0.22675194729168965,,,
05_030,-0.360787872935946,,,0.2695585500444385,,0.18044004072122516,,,,,
05_031,-0.34478748098165535,,,0.2692338974377324,,0.16811621388710873,,,,,
05_032,,,,0.25757612769522786,0.18295193393561798,,,-0.26397532699335435,,,
05_033,-0.48932963498540794,,,,0.21188099804022775,,,,,,
05_034,-0.6307572569703622,,,,,,,,,,
05_035,-0.6234126927466203,,,,,,,,,,
05_036,-0.5859882497656349,,,,,,,,,,
05_037,-0.6074317962455518,,,,,,,,,,
05_038,-0.5867938466905996,,,,,,,,,,
05_039,-0.5529888202689426,,,,,,,,,,
05_040,-0.5364708110406958,,,,,,,,,,
05_041,-0.546517925335085,,,,,,,,,,
05_042,-0.49743992381655555,,,,,0.17354826421798725,,,,,
05_043,-0.5076484255769147,,,0.2511118483615275,,,,,,,
05_044,-0.47865359621948483,,,0.2612048353136681,,,,,,,
05_045,-0.4846564536295517,,,0.26087442818933465,,,,,,,
05_046,-0.4384190426520168,,,0.2709707048945355,,,,,,,
05_047,-0.44899857363750234,,,0.2671911886289399,,0.1795028082281864,,,,,
05_048,-0.4620093951186004,,,0.2605534319916567,,0.18957029319156782,,,,,
05_049,-0.4697539190769692,,,0.2450528267946131,,0.2104557210081456,,,,,
05_050,-0.4962117258753046,,,,,0.18978112250092072,,,,,
05_051,-0.509333477562128,,,,,0.2110176636753423,,,,,
05_052,-0.5047525538196895,,,,,0.21244734493699613,,,,,
05_053,-0.4734032263575016,,,,,0.22828944504485568,,,,,
05_054,-0.5131316008483475,,,,,0.24084807446980477,,,,,
05_055,-0.44921460838216587,,,,,0.23795758753324062,,,,,
05_056,-0.4989052628708943,,,,,0.25698413229829425,,,,,
05_057,-0.5362506062794646,,,,,0.26879481273745465,,,,,
05_058,-0.5593054869319504,,,,,0.2618130057851604,,,,,
05_059,-0.5865146772502482,,,,,0.27800709671584195,,,,,
05_060,-0.5428388014363983,,,,,0.2498103399242127,,,,,
05_061,-0.5324985767812705,,,,,0.2725846151338056,,,,,
05_062,-0.5285598794979413,,,,,0.24281228040238612,,,,,
05_063,-0.5033009331633373,,,,,0.23665679872899087,,,,,
05_064,-0.4853600921781617,,,,,0.2537248407050541,,,,,
05_065,-0.4618323466650398,,,,,0.2693125285637019,,,,,
05_066,-0.3921764543648699,,,,,0.26301487135114293,,,,,
05_067,,,,,,0.24633398320059655,,,,,
05_068,,,,,,0.21115266190417994,,,,,
05_069,,,,,,0.2336960943156094,,,,,
05_070,-0.3761673895153823,,,,,0.23211825182212428,,,,,
05_071,-0.41041576603146884,,,,,,,,,,
05_072,-0.40674567895814384,,,,,0.23122369081408917,,,,,
05_073,-0.44457010509719136,,,,,0.2129367530188041,,,,,
05_074,-0.456087272989704,,,,,0.2242663856232504,,,,,
05_075,-0.4959599844578266,,,,,0.1994236232845857,,,,,
05_076,-0.5062484126053448,,,,,0.20509446699245928,,,,,
05_077,-0.5843139228267711,,,,,,,,,,
05_078,-0.5358586309206324,,,,,0.18385640407377624,,,,,
05_079,-0.5351146314440783,,,,,0.19331600155180703,,,,,
05_080,-0.5897745454689695,,,,,,,,,,
05_081,-0.5067469124958985,,,,,,,,,,
05_082,-0.5189773833759862,,,,,,,,,,
05_083,-0.6387451551805022,,,,,,,,,,
05_084,-0.6854694154133899,,,,,,,,,,
05_085,-0.6644570734580428,,,,,,,,,,
05_086,-0.658485519079211,,,,,,,,,,
05_087,-0.6232846753719499,,,,,,,,,,
05_088,-0.7468300628954017,,,,,,,,,,
05_089,-0.7584551650268511,,,,,,,,,,
05_090,-0.7973592906147793,,,,,,,,,,
05_091,-0.8195779274607651,,,,,,,,,,
05_092,-0.7476606533781509,,,,,,,,,,
05_093,-0.6457534074785644,,,,,,,,,,
05_094,-0.6708592287970957,,,,,,,,,,
05_095,-0.6770049438755386,,,,,,,,,,
05_096,-0.7067206772829473,,,,,,,,,,
05_097,-0.7247375496561003,,,,,,,,,,
05_098,-0.7598349375662863,,,,,,,,,,
06_001,-0.7943773476165645,,,,,,,,,,
06_002,-0.7708497528414072,,,,,,,,,,
06_003,-0.8110432242187163,,,,,,,,,,
06_004,-0.8091728650222851,,,,0.17546957363287435,,,,,,
06_006,-0.7326640759585474,,,,0.20101081845209012,,,,,,
06_007,-0.747814303991288,,,,,,,,,,
06_008,-0.6984276448798961,,,,0.17554385159210772,,,,,,
06_009,-0.5319222003216373,,,,0.27501707247662843,,,,,,
06_010,-0.6479857954870425,,,,0.2570766638692026,,,,,,
06_011,-0.6882150686439934,,,,0.2650664607231593,,,,,,
06_012,-0.7547904557931735,,,,0.22065639416090405,,,,,,
06_013,-0.8017229622978248,,,,0.1974768380129416,,,,,,
06_014,-0.7673069966890507,,,,0.2358479808419512,,,,,,
06_015,-0.7263502964105667,,,,0.2682398359418465,,,,,,
06_016,-0.7164561156965057,,,,0.2718598924184089,,,,,,
06_017,-0.7348121704103507,,,,0.2416885455403343,,,,,,
06_018,-0.6682700348244639,,,,0.20381852403839076,,,,,,
06_019,-0.766561359217624,,,,,,,,,,
06_020,-0.6686014719775916,,,,,,,,,,
06_021,-0.5628350469506429,,,,,,,,,,
06_022,-0.49994800753863866,,,,0.2081793907758498,,,,,,
06_023,-0.470995076308263,,,,0.2512289304604777,,,,,,
06_024,-0.3919415521315022,,,,0.22348878322341828,,,,,,
06_025,,,,,0.205984524980996,,,,,,
06_026,-0.3736037354172488,,,,0.19142454344757873,,,,,,
06_027,-0.42023460956793435,,,,,,,,,,
06_028,-0.37503187376444175,,,,,,,,,,
06_029,,,,,,,,,,,
06_030,,,,,,,,,,,
06_031,,,,,,,,,,,
06_032,,,,,,,,,,,
06_033,,,,,,,,,,,
06_034,,,,,,,,,,,
06_035,-0.4494335518950028,,,,,,,,,,
06_036,-0.47569092001604435,,,,,,,,,,
06_037,-0.6244357271900147,,,,,,,,,,
06_038,-0.4856859209133056,,-0.3719205426357069,,,,,,,,
06_039,-0.3895781949919556,,-0.3856936870925918,,,,,,,,
06_040,-0.5166313315006482,,-0.3606055525419902,,,,,,,,
06_041,-0.4060708402656251,,,,,,,,,,
06_042,,,,,,,,,,,
06_043,,,,,,,,,,,
06_044,,,,,,,,,,,
06_045,,,,,,,,,,,
06_046,,,,,,,,,,,
06_047,,,,,,,,,,,
06_048,,,,,,,,,,,
06_049,,,,,,,,,,,
06_050,,,,,,,,,,,
06_051,,,,,,,,,,,
06_052,,,,,,,,,,,
06_053,,,,,,,,,,,
06_054,,,,,,,,,,,
06_055,-0.33794782211518437,,,,,,,,,,
06_056,-0.35957400271983014,,,,,,,,,,
06_057,,,,,,,,,,,
06_058,-0.40470878221083234,,,,,,,,,,
06_059,-0.384425294576321,,,,,,,,,,
06_060,-0.36097432535332946,,,,,,,,,,
06_061,,,,,,,,,,,
06_062,,,,,,,,,,,
06_063,-0.3825720216925168,,,,,,,,,,
06_064,-0.4220017672120288,,,,,,,-0.20352271037795713,,,
06_065,-0.43695191325126304,,,,,,,-0.212045014868398,,,
06_066,-0.4546572002557094,,,,,,,-0.2278279339936034,,,
06_067,-0.45912549554130644,,,,,,,-0.23785947812459435,,,
06_068,-0.45403882059510264,,,,,,,-0.23450389554082357,,,
06_069,-0.43786787390885507,,,,,,,-0.24383168831814458,,,
06_070,-0.4602738738992986,,,,,,,-0.25671351881426435,,,
06_071,-0.4584934223335947,,,,,,,-0.2570422614830716,,,
06_072,-0.44072005608025616,,,,,,,-0.2583282623861198,,,
06_073,-0.4446902553367622,,,,,,,-0.2565177769036021,,,
06_074,-0.4537149466107476,,,,,,,-0.2550697719056654,,,
06_075,-0.4512010727857576,,,,,,,-0.24670254669409275,,,
06_076,-0.4627556913547635,,,,,,,-0.24709785792912903,,,
06_077,-0.44889196588830393,,,,,,,-0.22825774257793408,,,
06_078,-0.4347364479440789,,,,,,,-0.2239165367940722,,,
06_079,-0.40726211062123824,,,,,,,-0.20263197430564112,,,
06_080,-0.42420495523079665,,,,,,,-0.20249117918060247,,,
06_081,-0.4231449295594299,,,,,,,-0.19684594642686937,,,
06_082,-0.3833955099260784,,,,,,,,,,
06_083,-0.3932803950345724,,,,,,,,,,
06_084,,,,,,,,,,,
06_085,,,,,,,,,,,
06_086,,,,,0.19616604911934948,,,,,,
06_087,,,,,,,,,,,
06_088,,,,,,,,,,,
07_001,,,,,,,,-0.21092864880874837,,,
07_002,-0.42373290074115094,,,,,,,-0.23860584132229562,,,
07_003,-0.4372058106911867,,,,,,,-0.25447914730514937,,,
07_004,-0.40298986472540527,,,,,,,-0.25541282045667146,,,
07_005,,,,,,,,-0.25337648445525623,,,
07_006,-0.4057815348498687,,,,,,,-0.24873642398923665,,,
07_007,,,,,,,,-0.23107851359961398,,,
07_008,,,,,,,,-0.2480858348004596,,,
07_009,,,,,,,,-0.2533331166512206,,,
07_010,,,,,,,,-0.24656666966225804,,,
07_011,,,,,,,,-0.228343808973391,,,
07_012,,,,,,,,-0.2452856164778046,,,
07_013,,,,,,,,-0.2511071241604407,,,
07_014,,,,,,,,-0.25226823304134005,,,
07_015,,,,,,,,-0.24519622033439162,,,
07_016,,,,,,,,-0.2226633128220964,,,
07_017,-0.3881386371085061,,,,,,,,,,
07_018,,,,,,,,,,,
07_019,-0.4127707619248517,,,,0.21350125659757194,,,,,,
07_020,-0.44113282038723495,,,,0.2211836225244413,,,,,,
07_021,-0.5152885007898037,,,,0.26631750226792117,,,,,,
07_022,-0.469430290393862,,,,0.24768410472269944,,,,,,
07_023,-0.5401305477256391,,,,0.2624166619342353,,,,,,
07_024,-0.4918930705365465,,,,0.24782102409617018,,,,,,
07_025,-0.4778370039500509,,,,0.2278668335729431,,,,,,
07_026,-0.5229565165740903,,,,0.22330325818132168,,,,,,
07_027,,,,,,,-0.23035760302860048,-0.23514514305112066,,,
07_028,-0.4635632424398568,,,,,,-0.2253795725449916,,,,
07_029,,0.4227922629309894,,,,,,,,,
07_030,,0.45321486811208,,,,,,,,,
07_031,,0.5028621197513532,,,,,,,,,
07_032,,0.5081699280658639,,,,,,,,,
07_033,-0.5428449769539314,0.469829248271377,,,,,,,,,
07_034,-0.6399443076707518,,,,,,,,,,
07_035,-0.6554465159463085,,,,,,,,,,
07_036,-0.5748684596827525,,,,,,,,,,
07_037,,0.49944585724858187,,,,,,,,,
07_038,,0.4239196285049403,,,,,,-0.22697498266300947,,,
07_039,,,,,,,,,,,
07_040,-0.4832037606482678,,,,,,,,,,
07_041,-0.6004334896619079,,,,,,,,,,
07_042,-0.7446126464527258,,,,,,,,,,
07_043,-0.7107430785914708,,,,,,,,,,
07_044,-0.6709334275275785,,,,,,,,,,
07_045,-0.6080606109522348,,,,,,,,,,
07_046,-0.569166174708214,0.4316615429500177,,,,,,,,,
07_047,-0.5284616442644354,0.43514849752381807,,,,,,,,,
07_048,,0.44498469679561353,,,,,,,,,
07_049,,0.4461423059359352,,,,,,,,,
07_050,,0.4650907481227244,,,,,,,,,
07_051,,0.45383174700905926,,,,,,,,,
07_052,-0.4820988317220051,0.3780087281454443,,,,,,,,,
07_053,-0.5101000912974921,,,,,,,,,,
07_054,-0.5929892031143582,,,,,,,,,,
07_055,-0.6387406535235817,,,,,,,,,,
07_056,-0.6378517493674041,,,,0.20679154203627906,,,,,,
07_057,-0.6714199461848025,,,,0.23641559729590297,,,,,,
07_058,-0.6636720002706299,,,,0.2681033802758552,,,,,,-0.18258037512705166
07_059,-0.636698658017442,,,,0.2677047353788859,,,,,,-0.1602872305165945
07_060,-0.6070730699935619,,,,0.26527440767835775,,,,,,
07_061,-0.6562761057000648,,,,0.2832008583784869,,,,,,
07_062,-0.690709119321293,,,,0.29632144492711937,,,,,,
07_063,-0.6721440681706317,,,,0.3014271924192475,,,,,,
07_064,-0.6495734298858757,,,,0.2962756104684187,,,,,,
07_065,-0.6573261623144163,,,,0.2974717080435087,,,,,,
07_066,-0.6522557513858266,,,,0.2939543079893929,,,,,,-0.16255681476291878
07_067,-0.6525097819003501,,,,0.28861196602947525,,,,,,-0.1691285236219909
07_068,-0.6665566120411096,,,,0.2970890134242382,,,,,,-0.1758469196474351
07_069,-0.6708443313760674,,,,0.3027151866658622,,,,,,
07_070,-0.6695999996321081,,,,0.2899408962100535,,,,,,-0.1861432660204074
07_071,-0.6375907493649051,,,,0.2844009770123055,,,,,,
07_072,-0.5937061673517154,,,,0.29382893934410326,,,,,,
07_073,-0.5830183431337458,,,,0.30723885962104236,,,,,,
07_074,-0.6233330684644216,,,,0.30135868055727094,,,,,,
07_075,-0.6490476240355537,,,,0.29471119838058724,,,,,,
07_076,-0.6559586951429681,,,,0.3034555219529615,,,,,,
07_077,-0.6713649922424999,,,,0.3047314388939814,,,,,,
07_078,-0.6644972305903057,,,,0.30554731276425995,,,,,,
07_079,-0.63913438837037,,,,0.30688084194711135,,,,,,
07_080,-0.6149471354478241,,,,0.30859466125761864,,,,,,
07_081,-0.610184180388299,,,,0.3112824293140279,,,,,,
07_082,-0.6524867363608395,,,,0.30600914990209693,,,,,,
07_083,-0.6768139338955703,,,,0.2970026022649652,,,,,,
07_084,-0.6609573540809248,,,,0.28652539687570083,,,,,,
07_085,-0.642738449060671,,,,0.30077799993395704,,,,,,
07_086,-0.6541172875903739,,,,0.2917999995864102,,,,,,
07_087,-0.633061927383434,,,,0.29359095405894065,,,,,,
07_088,-0.5998552576803158,,,,0.29916368896337564,,,,,,
07_089,-0.5837987754617819,,,,0.292420169242825,,,,,,
07_090,-0.3661642975236981,,,,0.3249485916413424,,,,,,
07_091,-0.4197929121359142,,,,0.32966097167814123,,,,,,
07_092,-0.5227011161949902,,,,0.30672029445209315,,,,,,
07_093,-0.47100685600773723,,,,0.32069573370125803,,,,,,
07_094,-0.47455894591879955,,,,0.32636438203177986,,,,,,
07_095,-0.41724647892630073,,,,0.34112143244936016,,,,,,
07_096,-0.38810205842219136,,,,0.3529661626052181,,,,,,
07_097,,,,,0.3684466180439382,,,,,,-0.23185195531179925
07_098,-0.3964245841649383,,,,0.3372178601138833,,,,,,
07_099,-0.42255136403813354,,,,0.3394783688579804,,,,,,
07_100,-0.4380837692491462,,,,0.3318570332424697,,,,,,
07_101,-0.5061877362095796,,,,0.32653767838608505,,,,,,
07_102,-0.5328950406300287,,,,0.3111218275978697,,,,,,
07_103,,,-0.16531623474930873,,0.35151677188801367,,,,,,
07_104,-0.32568573877263046,,,,,,,,,,
07_105,-0.38486322068577483,,,,,,,,,,
07_106,-0.46442323789169315,,,,,,,,,,
07_107,-0.45257184001357,,,,0.2434178159051348,,,,,,
07_108,-0.39553396062632296,,,,0.25405180851666403,,,,,,
07_109,-0.38276956877413804,,,,0.28017212404807046,,,,,,
07_110,-0.4534957975113366,,,,0.27217203254471445,,,,,,
07_111,-0.4264838556922212,,,,0.30009840919110287,,,,,,
07_112,-0.4789663708400178,,,,0.30194535524792454,,,,,,
07_113,-0.4879556263851695,,,,0.2884427104945465,,,,,,
07_114,-0.5375948391913636,,,,0.27316538012151276,,,,,,
07_115,-0.5210045378742275,,,,0.2529930321606857,,,,,,
07_116,-0.5184169926781016,,,,0.22679443159201593,,,,,,
07_117,-0.5633573908102982,,,,,,,,,,
07_118,-0.5817622613049942,,,,0.2624906964124301,,,,,,
07_119,-0.6095973705740844,,,,0.26329261763736833,,,,,,
07_120,-0.659390092421036,,,,0.2569867759179888,,,,,,
07_121,-0.6214444919851765,,,,0.23861149825875075,,,,,,
07_122,-0.6256983516248088,,,,,,,,,,
07_123,-0.5641532460546178,,,,,,,,,,
08_001,-0.49431084167386385,,,,,,,,,,
08_002,-0.5600967468855486,,,,,,,,,,
08_003,-0.5027541746056269,,,,,,,,,,
08_004,-0.4175613606608292,,,,,,,,,,
08_005,,,,,,,,,,,
08_006,-0.42652964212583505,,,,,,,,,,
08_007,,0.38779564957357626,,,,,,,,,
08_008,,0.38695370043756666,,,,,,,,,
08_009,,0.44567892380319296,,,,,,,,,
08_010,,0.4203765352552988,,,,,,,,,
08_011,,,,,,,,,,,
08_012,,,,,,,,,,,
08_013,,,,,,,,,,,
08_014,,,,,,,,,,,
08_015,-0.5549390435664706,,,,,,,,,,
08_016,-0.5403625200639991,,,,,,,,,,
08_017,-0.7054826387939136,,,,,,,,,,
08_018,-0.8267960242522174,,,,,,,,,,
08_019,-0.7272480954308702,,,,,,,,,,
08_020,-0.6103815125031048,,,,,,,,,,
08_021,-0.5243069949767063,,,,,,,,,,
08_022,,,,,,,,,,,
08_023,-0.4517372204973149,,,,,,,,,,
08_024,,,,,,,,,,,
08_025,,,,,,,,,,,
08_026,,,,,,,,,,,
08_027,,,,,,,,,,,
08_028,-0.4118937841322863,,,,,,,,,,
08_029,-0.5087418946965804,,,,,,,,,,
08_030,-0.4176380106592783,,,,,,,,,,
08_031,,,,,,,,,,,
08_032,,,,,,,,,,,
08_033,,,,,,,,,,,
08_034,,,,,,,,,,,
08_035,,,,,,,,,,,
08_036,,,,,,,,,,,
08_037,,,,,,,,,,,
08_038,,,,,,,,,,,
08_039,,,,,,,,,,,
08_040,,,,,,,,,,,
08_041,,,,,,,,,,,
08_042,,,,,,,,,,,
08_043,,,,,,,,,,,
08_044,,,,,,,,,,,
08_045,-0.4041270878488745,,,,,,,,,,
08_046,-0.5055303313121317,,,,,,,,,,
08_047,-0.4394298728364709,,,,,,,,,,
08_048,,,,,,,,,,,
08_049,-0.36351846963836815,,,,,,,,,,
08_050,,,,,,,,,,,
08_051,,,,,,,,,,,
08_052,,,,,,,,,,,
08_053,,,,,,,,,,,
08_054,,,,,,,,,,,
08_055,,,,,,,,,,,
08_056,,,,,,,,,,,
08_057,,,,,,,,,,,
08_058,,,,,,,,,,,
08_059,,,,,,,,,,,
08_060,,,,,,,,,,,
08_061,,,,,,,,,,,
08_062,,,,,,,,,,,
08_063,,,,,,,,,,,
08_064,,,,,,,,,,,-0.3752341187528218
08_065,,,,,,,,,,,-0.4153499781859401
08_066,,,,,,,,,,,
08_067,,,,,,,,,,,
08_068,,,,,,,,,,,
08_069,,,,,,,,,,,
08_070,,,,,,,,,,,
08_071,,,,,,,,,,,
08_072,,,,,,,,,,,
08_073,,,,,,,,,,,
08_074,,,,,,,,,,,
08_075,,,,,,,,,,,
08_076,,,,,,,,,,,
08_077,,,,,,,,,,,
08_078,,,,,,,,,,,
08_079,,,,,,,,,,,
08_080,,,,,,,,,,,
08_081,,,,,,,,,,,
08_082,,,,,,,,,,,
08_083,,,,,,,,,,,
08_084,-0.3821361038264577,,,,,,,,,,
08_085,,,,,,,,,,,
08_086,,,,,,,,,,,
08_087,,,,,,,,,,,
08_088,,,,,,,,,,,
08_089,,,,,,,,,,,
08_090,-0.3824433043132296,,,,,,,,,,
08_091,-0.3890645539657155,,,,,,,,,,
08_092,-0.4402026380203582,,,,,,,,,,
08_093,-0.41917721509576333,,,,,,,,,,
08_094,-0.4455485842912366,,,,0.23281625016911542,,,,,,
08_095,-0.47930544081339466,,,,0.23708483167994887,,,,,,
08_096,-0.4226937858588677,,,,0.2541335354238218,,,,,,
08_097,-0.3704330836809354,,,,0.2682558031598668,,,,,,
08_098,-0.3655213634963155,,,,0.25633229493800574,,,,,,
08_099,-0.39838070847250817,,,,0.24288340226296795,,,,,,
08_100,-0.371334792536706,,,,0.24042987444907046,,,,,,
08_101,,,,,0.24717133693422158,,,,,,
08_102,,,,,,,,,,,
08_103,,,,,0.23987749035197084,,,,,,
08_104,,,,,0.25806398037250977,,,,,,
08_105,,,,,0.2799645703276471,,,,,,
08_106,,,,,0.29568494625368813,,,,,,
08_107,,,,,0.28106716405863014,,,,,,
08_108,,,,,0.26254494522204874,,,,,,-0.49312021688167257
08_109,,,,,,,,,,,-0.49384485096667696
08_110,,,,,,,,,,,-0.5495116872036729
08_111,,,,,,,,,,,-0.5431697526259729
08_112,,,,,,,,,,,-0.5510095663672767
08_113,,,,,,,,,,,-0.5579132945326013
08_114,,,,,,,,,,,-0.5690250997938321
08_115,,,,,,,,,,,-0.5639922619362052
08_116,,,,,0.28854497920853717,,,,,,-0.5769386168308621
08_215,,,,,,,,,,,
09_001,,,,,0.3145458007100406,,,,,,
09_002,,,,,0.31574022372989957,,,,,,
09_003,,,,,0.3075869485366764,,,,,,
09_004,,,,,0.30858330314234744,,,,,,
09_005,,,,,0.314862244562995,,,,,,
09_006,-0.5310859065332467,,,,0.29992977474019544,,,,,,
09_007,-0.5732525205795876,,,,0.2847676121471376,,,,,,
09_008,-0.6815247578034974,,,,,,,,,,
09_009,-0.7703927911298438,,,,,,,,,,
09_010,-0.8049229567078455,,,,,,,,,,
09_011,-0.8480861787032477,,,,,,,,,,
09_013,-0.8023929249836578,,-0.19835806224346733,,,,,,,,
09_014,-0.7846685548751875,,-0.18332159192603958,,,,,,,,
09_015,-0.7180792419712585,,-0.17558957045661677,,,,,,,,
09_016,-0.7466311865263469,,,,,,,,,,
09_017,-0.7379677047002938,,,,,,,,,,
09_018,-0.7033121341022517,,,,,,,,,,
09_019,-0.6575843549546492,,-0.18435114458570714,,,,,,,,
09_020,-0.726211509242781,,,,,,,,,,
09_021,-0.8028697268927533,,,,,,,,,,
09_022,-0.7767239454777539,,,,,,,,,,
09_023,-0.7756300837562642,,,,,,,,,,
09_024,-0.7514844244870753,,,,,,,,,,
09_025,-0.6961517335271268,,,,,,,,,,
09_026,-0.6409224721870892,,,,,,,,,,
09_027,-0.6705933597749223,,,,,,,,,,
09_028,-0.6234190131479895,,,,,,,,,,
09_029,-0.6043966313261492,,,,,,,,,,
09_030,-0.5839975127696687,,,,0.2549999725976908,,,,,,
09_031,-0.5361772542147194,,,,0.2764896937947572,,,,,,
09_032,-0.4453034872525019,,,,0.28631404901186597,,,,,,
09_033,-0.4163050091058095,,,,0.2727701043500736,,,,,,
09_034,-0.4875584675194979,,,,0.24988521000474093,,,,,,
09_035,-0.5264020410938297,,,,0.24044438234611595,,,,,,
09_036,-0.5086874186607357,,,,0.25401994214114726,,,,,,
09_037,-0.5354914205918733,,,,0.2574153282705732,,,,,,
09_038,-0.5866395152841991,,,,0.24432294716669506,,,,,,
09_039,-0.5773313994418943,,,,,,,,,,
09_040,-0.5592976815891455,,,,,,,,,,
09_041,-0.5919830359883584,,,,,,,,,,
09_042,-0.6552388101301342,,,,,,,,,,
09_043,-0.579490451770955,,,,,,,,,,
09_044,-0.6548529799212439,,,,,,,,,,
09_045,-0.6094566755354268,,,,,,,,,,
09_046,-0.6522387510660627,,,,,,,,,,
09_047,-0.7403523809746339,,,,,,,,,,
09_048,-0.6692843255116493,,,,,,,,,,
09_049,-0.724221818393602,,,,,,,,,,
09_050,-0.7583588928508016,,,,,,,,,,
09_051,-0.8116596850609867,,,,,,,,,,
09_052,-0.8121175135462917,,,,,,,,,,
09_053,-0.8552667252119772,,,,,,,,,,
09_054,-0.8430521066495738,,,,,,,,,,
09_055,-0.8864626902747139,,,,,,,,,,
09_056,-0.8208589663411374,,,,,,,,,,
09_057,-0.7526814065836842,,,,,,,,,,
09_058,-0.6606026873894852,,-0.2291855063675236,,,,,,,,
09_059,-0.7103644313731099,,,,,,,,,,
09_060,-0.8152427645591267,,,,,,,,,,
09_061,-0.6474486047027181,,-0.20360818279750895,,,,,,,,
09_062,-0.5644402848666848,,-0.24434378314134103,,,,,,,,
09_063,-0.5030514728317124,,-0.3016167638017958,,,,,,,,
09_064,-0.5563679207954348,,-0.30733812013688677,,,,,,,,
09_065,-0.6316722377554562,,-0.28115906611096153,,,,,,,,
09_066,-0.6216795265835762,,-0.2691011943983549,,,,,,,,
09_067,-0.687425602623909,,-0.23672479713585115,,,,,,,,
09_068,-0.7625236477199013,,,,,,,,,,
09_069,-0.7973246020709227,,,,,,,,,,
09_070,-0.8393036469746613,,,,,,,,,,
09_071,-0.8786520264221936,,,,,,,,,,
09_072,-0.8729370545906744,,,,,,,,,,
09_073,-0.8395564602060879,,,,,,,,,,
09_074,-0.8754955499017316,,,,,,,,,,
09_075,-0.8308990180636987,,,,,,,,,,
09_076,-0.6320194031839372,,,,,,,,,,
09_077,-0.7993365502078519,,,,,,,,,,
09_078,-0.7689945244579621,,,,,,,,,,
09_079,-0.6423707204300365,,,,,,,,,,
09_080,-0.803838906999537,,,,,,,,,,
09_081,-0.8528093722662884,,,,,,,,,,
09_082,-0.8226014634502269,,,,,,,,,,
09_083,-0.7635796887371017,,,,,,,,,,
09_084,-0.7628748034316011,,,,,,,,,,
09_085,-0.6903116614730538,,,,,,,,,,
09_086,-0.7294595434730967,,,,,,,,,,
09_087,-0.6907563941474486,,-0.2462717214731907,,,,,,,,
09_088,-0.6506497055096123,,-0.28249266233627457,,,,,,,,
09_089,-0.6827964482915811,,-0.26957606809077866,,,,,,,,
09_090,-0.6224824750389177,,-0.3052524237432774,,,,,,,,
09_091,-0.6404639536858365,,-0.28761449694358987,,,,,,,,
09_092,-0.5739080265370626,,-0.31406640339795544,,,,,,,,
09_093,-0.5777214157638221,,-0.31872304328779155,,,,,,,,
09_094,-0.524105265903564,,-0.32296336239766976,,,,,,,,
09_095,-0.5722271851741839,,-0.320156743663783,,,,,,,,
09_156,-0.8776424052750296,,,,,,,,,,
10_001,-0.6225749225987689,,-0.28548698808338896,,,,,,,,
10_002,-0.592937000325428,0.3582939210007757,-0.276453198349338,,,0.19599471689351344,,,,,
10_003,-0.626643356202327,0.38485895056159036,,,,,,,,,
10_004,-0.6674167713936241,,-0.23577599393483084,,,,,,,,
10_005,-0.6288511284748172,0.3992900627465204,,,,,,,,,
10_006,-0.6014371243472099,,,,,0.18635819929544986,,,,,
10_007,-0.5379732125944339,,,,,,,,,,
10_008,-0.47097526456236755,,,,,,,,,,
10_009,-0.4921271268219869,,,,,0.18717970000056458,,,,,
10_010,-0.5350271191505446,0.42291659021501266,,,,0.19173008267754754,,,,,
10_011,-0.44688380134564154,,,,,0.19027343454572204,,,,,
10_012,-0.4297564610647877,0.4150950539021601,,,,0.19803946744333856,,,,,
10_013,-0.485228475525305,0.4336048832075551,,,,0.1980506563278812,,,,,
10_014,-0.41302467338420024,0.41973805741141057,-0.26264217795344713,,,0.2138498849071029,,,,,
10_015,-0.3945201756766893,0.4222417284413418,,,,0.2059708123581739,,,,,
10_016,,0.4103039447695929,-0.25542235888868114,,,0.21406415114574617,,,,,
10_017,,0.4107781899291163,-0.27454934754100724,,,0.22347257428486245,,,,,
10_018,-0.3436021751838586,0.3889907108171913,-0.2925996390588024,,,0.23163248962340333,,,,,
10_019,-0.4426734388866715,0.3904947743253959,-0.287050399877121,,,0.22067055143834413,,,,,
10_020,-0.47697102844175576,0.414676738710155,-0.2641476772293703,,,0.212220764739311,,,,,
10_021,-0.5082566610391736,0.42641306066387685,,,,0.20177891433207026,,,,,
10_022,-0.5674348338810197,0.42282167295000467,,,,0.19351176642111384,,,,,
10_023,-0.5309304396118282,0.40523858027678106,-0.2599928773284466,,,0.2059690341230753,,,,,
10_024,-0.5569723338630359,0.3807331175209264,-0.275143888629738,,,0.20538369930188033,,,,,
10_025,-0.45323596261257937,0.36337115518536145,-0.30146301886875865,,,0.22588520563266287,,,,,
10_026,-0.4511006538006137,,-0.31593704653806187,,,0.23305880477479043,,,,,
10_027,-0.5083614024937962,,-0.3188044584804713,,,0.21541106251483588,,,,,
10_028,-0.5632926373619825,,-0.31231858814645086,,,0.198597091621953,,,,,
10_029,-0.49234266755025835,,-0.32472830526946245,,,0.20283987977609197,,,,,
10_030,-0.4235702234437226,,-0.3225078678040055,,,0.20037151711209883,,,,,
10_031,-0.4333265802200184,,-0.32160317440199543,,,0.22297151952906077,,,,,
10_032,,,-0.3165285102247018,,,0.2440368924958319,,,,,
10_033,,,-0.31519135860926983,,,0.2260674446942487,,,,,
10_034,,,-0.31424817853578146,,,0.21320070970729896,,,,,
10_035,,,-0.30490028504824324,,,0.22530894475379565,,,,,
10_036,,,-0.30923307065459316,,,0.247069530139142,,,,,
10_037,,,-0.31594931958780376,,,0.26019887659491175,,,,,
10_038,-0.3574694808448126,,-0.3179951720560945,,,0.2514582524445007,,,,,
10_039,-0.35348090939776106,,-0.31723165616363774,,,0.24822459851291298,,,,,
10_040,,0.3527961253890986,-0.31160479996218965,,,0.2496978620277629,,,,,
10_041,,0.3409725175214619,-0.3188510825312714,,,0.25966442630044745,,,,,
10_042,,,-0.3211834584070832,,,0.2764725884081672,,,,,0.16611087482902187
10_043,,0.2900772985001242,-0.32230624295776894,,,0.28394341128925316,,,,,0.24596150922134805
10_044,,0.27153034257891967,-0.3157262348744747,,,0.30592525781299784,,,,,0.30906912819742816
10_045,,,-0.2900390135257453,,,0.32114344247996174,,,,,0.368471537257134
10_046,,,,,,0.3318579964815704,,,,,0.419832378969525
10_047,,,,,,0.3309183677564559,,,,,0.4004192922787208
10_048,,,-0.29896197369353184,,,0.3199569793730561,,,,,0.34989797284049495
10_049,,0.2524957243205338,-0.30730099665450655,,,0.310628009232476,,,,,0.3238390714932665
10_050,,0.2613416497516311,-0.3083598537660296,,,0.30342385652342196,,,,,0.3066609913500659
10_051,,0.24571843451513165,-0.30203146003811415,,,0.3112390050708801,,,,,0.32445520605025907
10_052,,0.2644836389142044,-0.2864202085213685,,,0.26492053894093043,,,,,0.24528921654154878
10_053,,0.25726538377022645,-0.2848622538689248,,,0.2796242249071327,,,,,0.26572789899346716
10_054,,0.23472492052547989,-0.29638478378710076,,,0.3170785055465042,,,,,0.32911051957122606
10_055,,,-0.2561027257480356,,,0.2716568487731275,,,,,0.268307936709242
10_056,,,-0.27268177895164,,,0.24033573348244094,,,,,0.2136723366589085
10_057,,,-0.2826267575474945,,,0.22829636174855822,,,,,0.22667476949102675
10_058,,,-0.2882750627339677,,,0.24347977637856275,,,,,0.1898964059930197
10_059,,,-0.2976921776334075,,,,,,,,0.26531735141653073
10_060,,,-0.3143275706496039,,,0.20560728440514464,,,,,0.22942587517855256
10_061,,,-0.30973764483741784,,,0.21452006011953947,,,,,0.23044365558942684
10_062,,,-0.31928348124554645,,,0.21046079169925994,,,,,0.21795889946580962
10_063,,,-0.3218085582216945,,,0.21255520444400694,,,,,0.2069508833302505
10_064,,,-0.30835959289791004,,,0.2272857552405589,,,,,0.20422527179811706
10_065,,,-0.31786466944464475,,,0.21830304629849914,,,,,0.18480403976750595
10_066,,,-0.29990669542542137,,,0.24034458234033954,,,,,0.17781280689940912
10_067,,,-0.2958780998321299,,,0.25186938851640284,,,,,0.15261582373313234
10_068,,,-0.3023873244829457,,,0.235309572572487,,,,,0.15515814831898933
10_069,,,-0.318261427863441,,0.1784867933609038,0.2010580279739497,,,,,0.1548411975959904
10_070,,,-0.3245281477723857,,,0.20585921456165823,,,,,0.18494287692920666
10_071,,,-0.323756157927132,,,0.19933148689351204,,,,,0.21000512140141517
10_072,,,-0.3235481524548734,,0.18827286805607787,,,,,,0.20215817192799385
10_073,,,-0.3260981600969034,,0.18946181657876163,,,,,,0.1932607679019791
10_074,,,-0.32546230831383544,,0.18653227961660224,0.19466191761018933,,,,,0.18214309287235392
10_075,,,-0.3229605622634145,,0.1934324891368231,,,,,,0.16755713643475026
10_076,,,-0.31700047751468546,,0.20825664457100754,,,-0.1522983070168167,,,
10_077,,,-0.3226311311587189,,0.20605881575962803,,,-0.16185543696504812,,,0.1799778261760805
10_078,,,-0.3117647445022422,,0.19241664955618537,,,,,,0.2101351254158434
10_079,,,-0.3215952044788883,,0.2112390456629405,,,-0.1702955139088335,,,0.1779845501146691
10_080,,,-0.3270606497094764,,0.2157060026007795,,,-0.18592462210570843,,,0.17959847952360733
10_081,,,-0.3436746276102123,,0.21097728913271294,,,-0.20346065294201535,,,0.21007668896297865
10_082,,,-0.348759770773205,,0.20364400208674052,,,-0.19378516724244674,,,
10_083,,,-0.34749408117067676,,0.20137532995016907,,,-0.18737471526816496,,,
10_084,,,-0.33914647763159955,,0.20859646584021052,,,-0.1842691236182884,,,
10_085,,,-0.3428162448301323,,0.2013504496932165,,,-0.1785549717068187,,,
10_086,,,-0.34194119048465627,,0.19843901583196127,,,-0.17351991034160286,,,
10_087,,,-0.3382035848277798,,0.1946887122075602,,,-0.1641486584039778,,,
10_088,,,-0.3315062856164406,,0.19517564594811906,,,-0.15523206109604762,,,
10_089,,,-0.3216677067281482,,0.21258134789452082,,,-0.16048138482818436,,,
10_090,,,-0.3323115980154826,,0.21191942219964185,,,-0.17780118521257188,,,
10_091,,,-0.335228721308388,,0.21262040062065646,,,-0.18600819435480334,,,
10_092,,,-0.3349927669894749,,0.2132749107285183,,,-0.18851663909612779,,,
10_093,,,-0.3253705959020476,,0.2153685373521208,,,-0.17341605432654694,,,
10_094,,,-0.3077095688218317,,0.21747034329406537,,,-0.1491855319663167,,,
10_095,,,-0.3072601646712809,,0.2091736564341531,,,,,,
10_096,,,-0.3092788217221663,,,0.21064508873607868,,,,,
10_097,,,-0.2984695162515591,,,0.2525999604372997,,,,,
10_098,,,-0.3034501346176165,,,0.25324224642999366,,,,,
10_099,,,-0.29673602471183524,,,0.22365442089494392,,,,,
10_100,,,-0.30295469969258637,,,0.20793757906075522,,,,,
10_101,,,-0.29748036495443175,,0.20931569709469686,,,,,,
10_102,,,-0.3123654300806321,,0.20724174191260483,,,,,,
10_103,,,-0.2953207076790993,,0.211842044716003,,,,,,
10_104,,,-0.294896636473491,,0.20051102799377304,,,,,,
10_105,,,-0.2941392567134961,,0.18991812702395364,,,,,,
10_106,,,-0.29841517357927305,,,,,,,,
10_107,,,-0.29983927258383347,,,0.20604944310331064,,,,,
10_108,,,-0.29957339927139914,,,,,,,,
10_109,,,-0.2942522551278104,,,,,,,,
10_110,,,-0.30219008187026164,,,,,,,,
10_111,,,-0.3015553183981075,,,,,,,,
10_112,,,-0.31159805351381176,,,,,,,,
10_113,-0.364477833344434,,-0.3162258436781128,,,,,,,,
10_114,,,-0.2999974405059207,,,,,,,,
10_115,-0.35742178837353217,,-0.29409130448401344,,,,,,,,
10_116,-0.4133312046236385,,-0.2857263738075941,,,,,,,,
10_117,-0.33654320475458976,,-0.2867858688901472,,,,,,,,
10_118,,,-0.2881275518813865,,,,,,,,
10_119,,,-0.29094719433007504,,,,,,,,
10_120,,,-0.28914068012886607,,,,,,,,
10_121,,,-0.291515295260553,,0.1948209148408554,,,,,,
10_122,,,-0.29610033407739955,,0.2012811877191617,,,,,,
10_123,,,-0.3058824496314294,,0.20216400056929248,,,,,,
10_124,,,-0.3128444182433382,,0.19952089790372687,,,,,,
10_125,,,-0.3185205262189264,,0.19536717113885926,,,,,,
10_126,,,-0.3144028963333624,,0.18860765289162867,,,,,,
10_127,,,-0.3052766133962902,,0.1930124189763882,,,,,,
10_128,,,-0.3002404946018362,,0.18295182284943973,,,,,,
10_129,,,-0.3082632004106758,,,,,,,,
10_130,-0.3362049511617352,,-0.2979530697225414,,,,,,,,
10_131,,,-0.2903439839709049,,,,,,,,
10_132,-0.3557046999778237,,-0.28930516407094703,,,,,,,,
10_133,-0.4305311955669324,,-0.2803725570078398,,,,,,,,
10_134,-0.4530714068398801,,-0.27807869953303893,,,,,,,,
10_135,-0.5051487565571755,,-0.2643309642297682,,,,,,,,
10_136,-0.4814481009224125,,-0.27581897145835255,,,,,,,,
10_137,-0.569198599148483,,-0.2529196925989087,,,,,,,,
10_138,-0.4414693907610614,,-0.2995843791400407,,,,,,,,
10_139,-0.382094489039302,,-0.2979555061419093,,,,,,,,
10_140,-0.3240295810555106,,-0.3146738672317239,,,,,,,,
10_141,,,-0.3231637139817269,,0.18938408334256923,,,,,,
10_142,,,-0.3293086908047651,,,,,-0.14487586513484296,,,
10_143,-0.3495934182516819,,-0.32631462946649376,,,,,,,,
10_234,,,-0.3183116557583556,,,0.26627692755184934,,,,,
10_235,,,-0.318068312869531,,0.21737694800747484,,,-0.16931300710889768,,,
10_236,,,-0.31430473921443874,,0.21798812551817603,,,-0.16344853297027917,,,
10_237,,,-0.31887537797987275,,0.20668003512674565,,,-0.14822356926229296,,,
